carat,cut,color,depth,table,price,x,y,z
0.3,Good,F,61.1,61,682,4.29,4.32,2.63
0.72,Ideal,H,62,56,2443,5.8,5.74,3.58
1.71,Premium,J,62.9,58,8848,7.64,7.58,4.79
1.01,Premium,E,59.2,59,7287,6.67,6.6,3.93
0.52,Ideal,D,62.7,56,1720,5.17,5.14,3.23
0.25,Very Good,E,60.9,59,575,4.03,4.11,2.48
0.76,Premium,H,59.8,57,2227,5.93,5.91,3.54
1.2,Very Good,H,62,57,6177,6.77,6.81,4.21
0.42,Ideal,G,61.4,54,962,4.81,4.9,2.98
0.5,Very Good,G,61.9,59,1603,5.06,5.08,3.14
0.9,Premium,D,59,61,3205,6.32,6.28,3.72
0.3,Ideal,H,61.3,56,675,4.33,4.31,2.65
0.3,Very Good,G,61.8,59,684,4.22,4.26,2.62
0.5,Good,G,63.8,56,1715,5.03,5.06,3.22
2.28,Very Good,H,63.3,54,12907,8.36,8.29,5.27
0.31,Very Good,E,63.4,55,698,4.33,4.31,2.74
0.72,Very Good,D,62.3,59,2612,5.67,5.73,3.55
1.14,Very Good,F,61.3,62,6194,6.71,6.77,4.13
0.32,Premium,G,58.1,59,1080,4.53,4.49,2.62
0.4,Very Good,G,62.9,57,699,4.69,4.72,2.96
1,Good,H,60.2,63,5668,6.43,6.47,3.88
0.71,Very Good,H,63,58,2709,5.64,5.72,3.58
0.37,Ideal,E,62.7,54,833,4.6,4.55,2.87
0.32,Premium,H,61.8,56,591,4.43,4.4,2.73
1.13,Premium,H,62.6,60,4256,6.68,6.62,4.16
0.7,Premium,F,59.5,61,1662,5.78,5.68,3.41
0.57,Premium,F,60.4,58,1247,5.4,5.37,3.25
1.39,Premium,G,62,56,8874,7.18,7.14,4.44
1.07,Premium,E,59.3,56,7670,6.71,6.69,3.97
0.51,Ideal,E,62.4,55,1443,5.14,5.09,3.19
1.5,Very Good,F,63.8,59,16116,7.17,7.25,4.6
0.34,Ideal,I,62.3,55,459,4.42,4.47,2.77
0.32,Ideal,G,62,57,1080,4.42,4.38,2.73
0.41,Very Good,G,61.5,58,899,4.76,4.8,2.94
0.24,Ideal,F,61.8,55,678,4,4.03,2.48
0.34,Ideal,G,62.5,53,895,4.47,4.49,2.8
1.07,Premium,I,60.7,58,4491,6.62,6.66,4.03
1.2,Premium,E,60.4,58,5779,6.95,6.89,4.18
0.31,Ideal,G,61.3,56,891,4.38,4.4,2.69
0.31,Ideal,G,60.9,56,687,4.4,4.43,2.69
0.32,Good,H,63.1,55,505,4.33,4.36,2.74
0.4,Very Good,G,62.7,59,702,4.67,4.71,2.94
0.35,Ideal,J,62.1,53,540,4.53,4.55,2.82
0.32,Premium,F,61.7,58,645,4.38,4.41,2.71
1.44,Ideal,D,63,55,10725,7.23,7.18,4.54
0.32,Premium,I,61,59,554,4.39,4.36,2.67
1.01,Premium,G,60.9,59,6968,6.59,6.54,4
1.24,Very Good,J,62.4,59.4,5783,6.81,6.89,4.27
1.04,Premium,D,62.3,59,8341,6.48,6.39,4.01
0.5,Good,D,57.8,62,2065,5.23,5.28,3.04
2.07,Ideal,G,62,55,17095,8.23,8.13,5.07
0.52,Premium,H,61.6,57,1138,5.2,5.15,3.19
0.57,Premium,D,61.7,60,2047,5.32,5.28,3.27
0.33,Very Good,G,61.9,58,752,4.39,4.43,2.73
0.91,Ideal,E,60.8,56,3898,6.29,6.25,3.81
1,Very Good,F,60.5,60,5119,6.38,6.45,3.88
1.43,Ideal,H,62,55,11498,7.21,7.28,4.49
1.7,Ideal,I,60.1,57,12209,7.8,7.77,4.68
0.41,Ideal,G,61.9,55,1238,4.77,4.79,2.96
0.3,Ideal,F,62,55.1,499,4.29,4.32,2.67
0.61,Ideal,F,61.4,56,3248,5.44,5.49,3.36
0.71,Ideal,I,62.1,56,2327,5.72,5.68,3.54
0.7,Fair,G,65.3,61,2710,5.58,5.48,3.61
1.04,Premium,I,62,57,3774,6.53,6.47,4.03
1.02,Ideal,I,62.1,56,3713,6.44,6.39,3.98
1.01,Premium,G,60.1,58,3173,6.54,6.39,3.89
1.08,Premium,F,62.6,56,4488,6.61,6.55,4.12
0.3,Ideal,G,62.1,54,863,4.3,4.33,2.68
0.37,Premium,G,58.4,59,817,4.76,4.69,2.76
0.51,Premium,D,60,58,2203,5.19,5.14,3.1
0.53,Ideal,E,61.6,55.6,2019,5.19,5.24,3.22
1.02,Premium,E,62.1,52,6854,6.55,6.49,4.05
0.71,Very Good,E,59.8,58,3112,5.78,5.82,3.47
1.2,Very Good,G,61.5,58,4443,6.83,6.85,4.21
0.33,Premium,I,62.1,58,891,4.43,4.39,2.74
0.45,Ideal,D,60.6,55,1027,4.99,4.97,3.02
0.24,Good,F,65.1,58,492,3.86,3.88,2.52
0.52,Very Good,I,61.9,56,1289,5.16,5.18,3.2
0.9,Good,F,63.2,61,3950,6.09,6.13,3.86
1.01,Very Good,G,61.9,59,5759,6.34,6.38,3.94
0.56,Premium,E,62.6,58,1930,5.23,5.28,3.29
0.7,Good,F,63.8,58,2919,5.61,5.58,3.57
0.59,Ideal,D,61.6,57,1743,5.41,5.44,3.34
0.31,Ideal,F,62.4,55,828,4.33,4.36,2.71
0.58,Very Good,E,61.5,58,1424,5.31,5.36,3.28
0.7,Good,E,63.2,57,2496,5.61,5.63,3.55
1,Ideal,J,62.1,56,3528,6.41,6.34,3.96
0.7,Premium,E,62.2,58,2800,5.6,5.66,3.5
0.36,Ideal,G,61.5,56,985,4.59,4.62,2.83
1.21,Premium,F,62.2,60,9419,6.75,6.72,4.19
0.3,Ideal,D,61,55,710,4.33,4.36,2.65
1.71,Premium,I,60.2,58,11104,7.79,7.75,4.68
1.01,Very Good,F,59.7,61,4899,6.49,6.55,3.89
1.11,Ideal,I,61.9,57,4457,6.66,6.62,4.11
1.02,Premium,G,61.5,59,6416,6.44,6.41,3.95
1.64,Very Good,J,62.5,58,7409,7.48,7.56,4.7
0.3,Ideal,F,61.7,58,886,4.3,4.32,2.66
0.3,Ideal,D,62,55,710,4.31,4.34,2.68
0.7,Good,E,63.3,60,2569,5.56,5.59,3.53
1.13,Ideal,F,61.8,57,5232,6.71,6.68,4.14
1.37,Ideal,G,62.3,54,13439,7.11,7.15,4.43
1.25,Ideal,H,61.2,57,5810,6.93,6.89,4.23
0.31,Ideal,D,62,54,683,4.35,4.36,2.7
0.4,Very Good,F,62.2,55,786,4.68,4.74,2.93
0.4,Premium,E,60.1,58,1125,4.76,4.72,2.85
2.15,Premium,G,59.7,60,13317,8.4,8.37,5.01
0.32,Premium,J,61.9,58,540,4.39,4.33,2.7
0.23,Very Good,D,61.3,59,530,3.91,3.99,2.42
0.28,Very Good,E,63.2,56,669,4.17,4.21,2.65
1.5,Premium,I,61.2,61,8736,7.34,7.3,4.48
0.53,Ideal,H,61.7,56,1678,5.21,5.23,3.22
0.59,Premium,E,60.1,59,2578,5.46,5.42,3.27
1.01,Premium,D,61.6,58,10797,6.44,6.39,3.95
1.5,Ideal,H,62.4,57,9104,7.29,7.33,4.56
0.42,Ideal,I,61,54,807,4.84,4.87,2.96
0.71,Ideal,I,62,54,2319,5.72,5.75,3.55
0.78,Ideal,E,62,55,3334,5.89,5.95,3.67
0.35,Very Good,F,62.3,56,909,4.53,4.57,2.83
0.71,Ideal,D,62,54,2934,5.77,5.74,3.57
0.31,Ideal,H,61.4,55,609,4.37,4.39,2.69
2.02,Ideal,J,62.7,54.2,12884,8.03,8.08,5.05
1.2,Premium,J,60.7,60,4514,6.88,6.92,4.19
0.8,Good,F,63.3,55,3116,5.87,5.92,3.73
0.55,Ideal,G,60.4,56,1854,5.38,5.31,3.23
0.4,Very Good,D,59.6,58,851,4.8,4.83,2.87
0.43,Very Good,I,60.9,55,730,4.89,4.99,3.01
1.22,Premium,E,62.5,55,6121,6.9,6.82,4.29
0.41,Premium,G,61.3,57,1061,4.8,4.76,2.93
0.59,Ideal,D,62.3,55,1572,5.41,5.38,3.36
1.23,Premium,H,59.3,58,5979,7,6.94,4.13
1.07,Good,G,63.1,59,4861,6.45,6.49,4.08
1,Good,I,63.7,56,5018,6.34,6.32,4.03
1.47,Premium,F,59.4,59,8115,7.47,7.42,4.42
0.39,Ideal,G,61.7,54.2,952,4.69,4.75,2.91
0.3,Very Good,E,63.4,56,675,4.25,4.23,2.69
0.4,Ideal,F,60.6,55,842,4.78,4.82,2.91
0.9,Premium,D,62.4,61,4612,6.17,6.13,3.84
0.38,Ideal,F,60.6,56,827,4.73,4.7,2.86
0.7,Very Good,H,63,55,2048,5.59,5.64,3.54
1,Premium,G,61.8,59,4368,6.38,6.33,3.93
0.43,Premium,D,62.6,58,716,4.79,4.82,3.01
0.26,Very Good,F,59,59,453,4.19,4.25,2.49
0.72,Very Good,H,62.2,54,2877,5.74,5.76,3.57
0.42,Premium,G,60.2,59,1400,4.8,4.87,2.91
0.71,Ideal,I,61.3,57,2965,5.73,5.76,3.52
0.38,Very Good,I,62.7,58,500,4.57,4.61,2.88
0.7,Premium,H,61.7,58,1982,5.72,5.69,3.52
2.66,Good,H,63.8,57,16239,8.71,8.65,5.54
0.7,Premium,F,59.4,60,2239,5.77,5.74,3.42
1.51,Premium,F,61.6,58,14683,7.32,7.35,4.52
0.41,Ideal,F,60.8,57,1007,4.77,4.8,2.91
1.01,Premium,D,62.2,53,5656,6.47,6.43,4.01
0.39,Ideal,E,61,55,614,4.74,4.77,2.9
0.32,Ideal,F,61.7,56,720,4.44,4.41,2.73
0.41,Ideal,G,62.4,55,1068,4.74,4.78,2.97
1.23,Ideal,I,62.5,57,7256,6.81,6.86,4.27
0.34,Very Good,H,63.2,55,689,4.5,4.46,2.83
1.01,Premium,F,59.2,60,6533,6.54,6.51,3.86
1.03,Premium,G,58.2,59,4900,6.7,6.64,3.88
0.9,Ideal,H,62.1,56,4492,6.14,6.19,3.83
0.59,Ideal,E,62.2,55,1561,5.39,5.42,3.36
0.44,Very Good,F,62.8,60,648,4.82,4.86,3.04
0.71,Very Good,G,63.1,60,2240,5.6,5.69,3.56
2.01,Good,I,65,57,17497,7.85,7.99,5.15
0.38,Ideal,G,61.6,57,1140,4.73,4.65,2.89
0.51,Good,D,58,60,1831,5.26,5.29,3.06
0.32,Ideal,F,60.7,56,905,4.45,4.43,2.7
0.47,Ideal,D,61.9,54,2378,4.98,5,3.09
0.9,Premium,G,60.8,56,4137,6.19,6.14,3.75
0.5,Ideal,H,62.9,57,958,5.04,5.01,3.16
0.32,Very Good,F,62.7,60,926,4.32,4.35,2.72
0.7,Good,I,58.5,61,2276,5.76,5.82,3.39
0.37,Good,I,64,56,473,4.58,4.45,2.89
0.5,Premium,F,61.9,58,851,5.15,5.05,3.15
1.46,Premium,G,59.5,59,7931,7.34,7.29,4.35
0.55,Ideal,J,61,56,1101,5.31,5.34,3.25
0.59,Premium,G,62.5,53,1991,5.46,5.35,3.38
0.52,Premium,G,62.1,58,1577,5.18,5.15,3.21
1.21,Premium,F,61.5,57,4740,6.93,6.88,4.25
0.7,Ideal,I,62.7,57,2163,5.63,5.67,3.54
0.55,Ideal,G,62.2,54.3,2025,5.24,5.27,3.27
0.8,Very Good,F,61.6,56,3267,5.96,6,3.68
0.41,Premium,G,59.7,60,1148,4.85,4.83,2.89
0.4,Ideal,G,61.2,56,1043,4.77,4.8,2.93
0.52,Premium,F,62.5,58,1605,5.17,5.13,3.22
0.33,Premium,F,60.8,58,666,4.44,4.47,2.71
1.25,Premium,H,62,59,8099,6.88,6.84,4.25
2,Fair,E,59.9,61,15540,8.16,8.04,4.86
2.08,Ideal,H,58.7,60,18760,8.36,8.4,4.92
0.23,Good,F,61,57,442,3.97,4.01,2.44
0.51,Ideal,E,61.2,57,1284,5.14,5.16,3.15
0.31,Ideal,H,62.6,57,489,4.31,4.35,2.71
2.07,Ideal,H,63.5,53,18198,8.12,8.09,5.14
0.32,Ideal,D,61.4,57,814,4.4,4.43,2.71
1.01,Good,E,63.2,59,4619,6.25,6.28,3.96
1.21,Premium,H,61.5,58,6710,6.82,6.78,4.18
0.3,Premium,G,61,57,574,4.34,4.31,2.64
0.52,Ideal,F,62.1,54,1978,5.17,5.2,3.22
0.5,Premium,E,61.3,60,1746,5.11,5.07,3.12
0.5,Fair,F,65,55,1577,5.01,4.96,3.24
1.02,Very Good,H,60,63,4604,6.54,6.49,3.91
0.76,Very Good,H,61.6,58,2663,5.88,5.91,3.63
0.32,Premium,I,60.7,59,561,4.4,4.43,2.68
0.5,Ideal,F,62.2,54,2025,5.07,5.12,3.17
0.9,Very Good,G,63,57,3681,6.13,6.19,3.88
0.91,Very Good,G,60,57,3531,6.27,6.32,3.78
1,Ideal,G,62.6,55,7403,6.37,6.4,4
1.22,Premium,H,61.9,56,6354,6.89,6.84,4.25
0.81,Ideal,F,62.3,54,3053,5.94,5.98,3.72
1.01,Ideal,D,62.6,54,7602,6.46,6.42,4.03
1.01,Good,E,61.4,64,4285,6.29,6.42,3.9
0.29,Very Good,E,61.9,55,555,4.28,4.33,2.66
1.16,Ideal,D,62.1,57,8038,6.7,6.73,4.17
0.71,Very Good,F,62.8,57,2777,5.64,5.69,3.56
1.21,Premium,G,59.1,55,5184,7.04,6.98,4.14
1.08,Ideal,H,59.3,57,4455,6.71,6.74,3.99
1.24,Ideal,J,61.8,57,5000,6.92,6.86,4.26
1.01,Premium,E,61.5,58,4751,6.43,6.4,3.95
0.51,Ideal,F,61.6,55,1870,5.14,5.18,3.18
0.32,Ideal,J,62.2,55,533,4.4,4.44,2.75
0.34,Ideal,I,61.3,55,695,4.52,4.55,2.78
0.53,Very Good,F,60.5,55,1610,5.24,5.29,3.19
0.31,Ideal,E,61,57,924,4.33,4.36,2.65
1.09,Premium,H,59.6,61,4761,6.69,6.63,3.97
0.3,Ideal,D,62.4,54,814,4.3,4.32,2.69
0.49,Premium,G,60.6,60,1026,5.1,5.06,3.08
0.32,Ideal,I,62.1,57,605,4.42,4.37,2.73
0.31,Premium,E,61,59,1133,4.39,4.36,2.67
0.71,Premium,D,61.7,56,2863,5.8,5.68,3.54
1.01,Ideal,F,62,57,5184,6.38,6.42,3.97
1.01,Premium,H,62.4,58,4769,6.42,6.36,3.99
0.5,Ideal,G,62,54,1569,5.11,5.15,3.18
0.9,Very Good,I,62.3,64,3605,6.1,6.13,3.81
0.33,Ideal,F,62.4,56,832,4.41,4.43,2.76
1.53,Very Good,J,61.7,58,7730,7.43,7.47,4.6
0.41,Very Good,G,60.9,59,1197,4.8,4.85,2.94
0.56,Ideal,E,61.7,54,1915,5.35,5.28,3.28
0.35,Ideal,G,60.5,57,706,4.55,4.58,2.76
2.23,Premium,J,61.7,58,16025,8.41,8.34,5.17
1.5,Very Good,J,63.3,56,8391,7.18,7.29,4.58
0.64,Fair,F,57,62.5,2063,5.67,5.78,3.26
0.52,Ideal,F,60.6,56,2137,5.22,5.24,3.17
0.7,Premium,J,61.2,60,1940,5.73,5.7,3.5
0.9,Very Good,G,58.4,61,4276,6.33,6.38,3.71
0.53,Premium,H,62.5,60,1015,5.16,5.18,3.23
1.63,Very Good,G,62.5,58,11990,7.48,7.44,4.66
0.34,Ideal,G,61.5,55,974,4.51,4.53,2.78
0.23,Premium,G,61.3,59,531,3.96,3.94,2.42
0.73,Ideal,F,62.5,56,2455,5.73,5.75,3.59
1.01,Good,D,64.5,58,4606,6.18,6.26,4.01
0.42,Ideal,F,61,57,1031,4.84,4.87,2.96
0.91,Ideal,E,61.8,56,4160,6.19,6.27,3.85
1.17,Very Good,H,63.1,56,4652,6.76,6.71,4.25
0.33,Very Good,F,62,56,912,4.43,4.46,2.75
0.71,Ideal,I,62,58,2266,5.75,5.72,3.55
1.02,Premium,F,62.7,55,7677,6.43,6.37,4.01
0.39,Ideal,D,61.8,57,1232,4.67,4.71,2.9
0.33,Ideal,G,62.2,57,868,4.41,4.46,2.76
0.5,Ideal,I,61,57,1266,5.11,5.13,3.12
0.3,Good,H,63.7,55,776,4.27,4.24,2.71
0.25,Ideal,E,61.6,57,576,4.08,4.1,2.52
0.26,Ideal,F,61.6,57,599,4.08,4.1,2.52
0.31,Ideal,E,62.1,55,516,4.33,4.36,2.7
1.03,Ideal,F,59.1,55,6543,6.6,6.69,3.93
0.33,Very Good,G,62,59,666,4.36,4.42,2.72
1.26,Ideal,J,62,56,5301,6.9,6.93,4.29
1,Premium,E,61.6,59,5600,6.41,6.38,3.94
1,Premium,G,60.7,59,3427,6.45,6.41,3.9
0.94,Ideal,D,62.3,57,4575,6.24,6.29,3.9
0.33,Premium,E,61,60,723,4.42,4.47,2.71
2.02,Ideal,H,60.8,56,11715,8.21,8.14,4.97
1.2,Ideal,H,61.2,59,7072,6.84,6.89,4.2
1.01,Premium,D,61.7,59,5210,6.4,6.43,3.96
1.02,Ideal,F,62.1,56,4238,6.44,6.41,3.99
0.51,Ideal,D,61.5,57,1787,5.11,5.14,3.15
0.45,Good,G,64,57,1254,4.86,4.82,3.1
1.23,Premium,G,62.5,62,5039,6.87,6.78,4.27
1.01,Premium,D,59.2,56,6108,6.48,6.43,3.82
0.7,Very Good,F,59.5,58,2812,5.75,5.85,3.45
2.09,Ideal,G,62.5,57,11119,8.21,8.14,5.11
0.9,Ideal,F,61.6,56,5386,6.2,6.23,3.83
0.6,Ideal,G,62.1,57,1746,5.43,5.36,3.35
0.62,Ideal,G,61.6,56,2861,5.45,5.48,3.37
0.25,Very Good,F,59.4,57,575,4.1,4.12,2.44
0.59,Premium,E,62.5,56,2578,5.4,5.36,3.36
0.63,Very Good,H,61.1,57,1991,5.5,5.54,3.37
1.1,Very Good,G,61.9,56.7,7405,6.57,6.63,4.09
0.56,Ideal,F,61.9,56,2462,5.29,5.32,3.28
0.43,Premium,E,60.2,60,792,4.89,4.94,2.96
0.54,Ideal,F,60.5,57,1385,5.25,5.27,3.18
0.31,Good,H,63.7,56,612,4.3,4.33,2.75
0.34,Ideal,D,61.7,57,1133,4.49,4.52,2.78
2.06,Ideal,J,61.9,55,11234,8.19,8.23,5.08
1,Premium,E,59.9,59,6272,6.45,6.38,3.84
1,Premium,D,61.4,58,5880,6.43,6.37,3.93
0.32,Very Good,E,60.4,61,524,4.39,4.42,2.66
1.03,Ideal,D,62.5,55,5021,6.41,6.48,4.03
0.7,Very Good,F,60.5,60,3205,5.7,5.73,3.46
0.3,Premium,J,62.6,60,506,4.28,4.22,2.66
0.23,Good,E,56.9,65,327,4.05,4.07,2.31
0.31,Premium,E,60.5,60,872,4.36,4.34,2.63
1.07,Very Good,G,62.8,58,7168,6.48,6.52,4.08
2.04,Very Good,J,62.4,57,13825,8.04,8.19,5.06
0.71,Ideal,H,60.7,59,2328,5.75,5.81,3.51
2,Fair,H,65.9,58,12554,7.84,7.8,5.15
0.42,Ideal,F,61.6,55,1228,4.84,4.87,2.99
0.41,Very Good,E,60,61,1057,4.78,4.86,2.89
0.33,Ideal,I,62.4,56,463,4.39,4.43,2.75
1,Ideal,F,61.3,53,10577,6.44,6.48,3.96
1.03,Very Good,I,63.5,58,5884,6.38,6.4,4.06
0.38,Ideal,G,60.4,57,726,4.68,4.71,2.83
0.72,Very Good,I,62.8,56,2562,5.69,5.75,3.59
0.41,Premium,D,59.9,60,795,4.8,4.78,2.87
0.31,Premium,E,62.7,58,471,4.32,4.35,2.72
0.5,Ideal,G,61.4,57,1107,5.1,5.13,3.14
0.54,Ideal,D,61.3,56,1892,5.22,5.26,3.21
1.37,Ideal,I,61.5,55,7346,7.18,7.2,4.42
0.3,Very Good,G,59.3,59,491,4.38,4.42,2.61
0.51,Ideal,F,61.7,56,2197,5.11,5.13,3.16
2.58,Very Good,D,58.9,63,14749,9.08,9.01,5.33
1.16,Very Good,E,62.4,55,5034,6.69,6.77,4.2
0.73,Ideal,E,62.1,57,2155,5.75,5.71,3.56
0.25,Very Good,D,62.8,56,548,4,4.03,2.52
1,Premium,E,62.3,58,3136,6.38,6.33,3.96
0.9,Ideal,J,62.6,55,3048,6.13,6.11,3.83
0.77,Ideal,F,62,56,2107,5.92,5.86,3.65
0.32,Good,D,63.6,56,589,4.34,4.37,2.77
2.26,Premium,I,62,58,16241,8.4,8.37,5.2
0.42,Very Good,H,62.1,59,700,4.78,4.81,2.98
1.51,Very Good,I,60.4,58,9178,7.36,7.42,4.46
0.52,Very Good,E,59.6,58,1767,5.21,5.26,3.12
0.71,Ideal,F,61.6,54,4167,5.76,5.79,3.56
1.59,Premium,F,60.2,60,15461,7.59,7.62,4.58
0.32,Premium,G,62.6,59,720,4.36,4.33,2.72
0.5,Very Good,I,62.2,60,1048,5.02,5.05,3.13
0.7,Very Good,G,63.3,59,2905,5.59,5.62,3.55
0.77,Premium,I,60.4,58,2089,5.96,5.99,3.61
1,Good,D,57.8,58,4218,6.55,6.61,3.8
0.31,Ideal,E,60.1,57,601,4.36,4.39,2.63
1.27,Ideal,F,61.6,55,11973,6.97,7.03,4.31
1.5,Fair,J,64.5,59,5846,7.2,7.07,4.6
0.3,Ideal,I,62.4,56,709,4.32,4.3,2.69
0.57,Ideal,F,62.2,56,1751,5.33,5.31,3.31
0.37,Ideal,F,61.7,55,759,4.61,4.73,2.88
0.9,Fair,E,64.5,57,3342,6.13,6.09,3.94
1,Ideal,F,62.8,57,6209,6.35,6.3,3.97
1.11,Ideal,G,62.2,55,6713,6.67,6.61,4.13
0.34,Very Good,H,63.1,56,689,4.46,4.41,2.8
0.38,Ideal,E,62.2,56,1176,4.65,4.58,2.87
0.43,Ideal,E,61.2,56,981,4.89,4.94,3.01
1.5,Premium,I,62.3,58,6888,7.33,7.22,4.53
0.51,Ideal,F,62.2,55,1998,5.12,5.11,3.18
0.9,Very Good,G,62.4,58,4297,6.14,6.16,3.84
1.02,Ideal,H,61,58,4360,6.5,6.54,3.98
0.37,Ideal,J,62.2,53,451,4.63,4.67,2.89
0.3,Good,J,63.4,57,394,4.23,4.26,2.69
0.88,Very Good,H,63.2,57,3472,6.08,6.15,3.87
0.32,Ideal,G,61.3,56,905,4.4,4.44,2.71
0.25,Very Good,E,63.1,55,526,3.98,4.04,2.53
0.38,Ideal,I,61.9,54,593,4.64,4.67,2.88
1.04,Premium,E,62.4,57,4892,6.51,6.43,4.04
0.53,Ideal,H,61.1,55,1245,5.24,5.28,3.21
0.55,Ideal,F,61.2,56,2079,5.33,5.28,3.25
0.71,Premium,D,61,61,2863,5.82,5.75,3.53
0.7,Ideal,E,62.1,56,3472,5.7,5.66,3.53
0.37,Ideal,F,62.4,54,791,4.63,4.6,2.88
1.01,Ideal,E,60,55,9479,6.6,6.56,3.95
0.56,Ideal,E,62.8,57,1699,5.21,5.23,3.28
0.71,Very Good,F,63.3,56,2036,5.68,5.73,3.61
0.31,Good,H,63.1,57,489,4.28,4.31,2.71
1.11,Ideal,G,61.6,56,7917,6.64,6.67,4.1
0.7,Ideal,H,61.9,56,2710,5.7,5.73,3.54
1.44,Very Good,E,61.1,62,5068,7.15,7.23,4.39
0.32,Ideal,E,61.3,57,890,4.42,4.45,2.72
0.5,Fair,E,59.8,66,1114,5.18,5.09,3.07
0.73,Ideal,E,62.3,56,3311,5.8,5.75,3.6
0.71,Ideal,D,61.2,53,2531,5.8,5.76,3.54
0.56,Ideal,E,61.9,55,1819,5.29,5.34,3.29
0.56,Ideal,G,63,55,1287,5.26,5.22,3.3
1.12,Premium,I,60.6,60,4390,6.77,6.73,4.09
0.91,Ideal,H,60.3,57,3363,6.31,6.27,3.79
0.35,Fair,F,54.6,59,1011,4.85,4.79,2.63
0.34,Ideal,E,62.5,55,745,4.46,4.5,2.8
0.55,Ideal,E,61.4,55,1551,5.26,5.29,3.24
0.32,Ideal,G,61.8,55,559,4.42,4.45,2.74
0.33,Ideal,G,61.6,53,1052,4.47,4.43,2.74
1.2,Very Good,H,61.6,61,6350,6.81,6.77,4.18
0.9,Premium,J,63,59,2717,6.14,6.11,3.86
1.2,Ideal,H,62.8,57,4771,6.71,6.67,4.2
1.09,Very Good,E,62.8,56,5771,6.53,6.6,4.12
0.3,Ideal,F,61.8,55,795,4.32,4.36,2.68
0.7,Very Good,G,63.3,56,2464,5.59,5.66,3.56
0.38,Ideal,H,60.7,55,1219,4.71,4.74,2.87
0.37,Ideal,I,60.7,60,532,4.6,4.62,2.8
0.26,Ideal,F,60.9,57,580,4.13,4.11,2.51
1.21,Premium,H,60.5,60,6722,6.95,6.9,4.19
0.47,Very Good,H,57.2,60,1178,5.18,5.21,2.97
1.02,Fair,F,65.1,56,4462,6.29,6.25,4.08
0.31,Ideal,G,61.7,55,698,4.37,4.35,2.69
0.73,Ideal,G,61.7,56,3525,5.76,5.79,3.56
0.42,Ideal,G,61.6,56,1087,4.83,4.82,2.97
1.51,Premium,J,61.8,61,8524,7.26,7.21,4.47
0.3,Premium,D,61.2,60,574,4.31,4.28,2.63
1.52,Premium,H,61.4,58,11516,7.3,7.44,4.55
0.73,Ideal,D,62,53.6,4547,5.76,5.8,3.59
0.32,Premium,G,62.5,58,561,4.36,4.38,2.73
0.39,Premium,G,62.6,58,1097,4.7,4.66,2.93
0.38,Ideal,D,61.3,56,919,4.68,4.72,2.88
1.12,Ideal,D,60.6,55,4215,6.76,6.73,4.09
0.7,Premium,F,61.6,60,1597,5.78,5.68,3.53
0.4,Ideal,E,61.6,57,1092,4.73,4.75,2.92
0.51,Very Good,G,62.4,57,1438,5.09,5.11,3.18
1.11,Ideal,I,61.7,55,5506,6.66,6.69,4.12
1.65,Ideal,E,58.7,56,8455,7.76,7.73,4.55
0.42,Very Good,F,62.9,57,773,4.73,4.77,2.99
1.08,Very Good,J,63.2,59,3810,6.57,6.4,4.1
1.65,Very Good,H,62,54,12686,7.55,7.62,4.7
0.4,Very Good,E,63.2,56,882,4.74,4.69,2.98
0.7,Good,F,63.8,58,2121,5.56,5.67,3.58
0.52,Premium,F,62.2,58,1720,5.17,5.12,3.2
0.85,Very Good,D,61.8,56,4211,6.06,6.08,3.75
0.34,Good,D,57.4,62,957,4.67,4.71,2.69
0.33,Ideal,D,62.5,54,608,4.43,4.44,2.77
0.3,Good,H,63.2,56,526,4.25,4.29,2.7
1.72,Premium,F,62.4,60,14300,7.67,7.62,4.77
1.52,Premium,G,60.9,61,12738,7.41,7.38,4.5
1.17,Premium,G,62.6,55,7731,6.75,6.7,4.21
0.33,Very Good,F,60.1,56,841,4.53,4.56,2.73
0.53,Very Good,D,60.5,57,2542,5.23,5.31,3.19
0.71,Premium,I,60.2,58,2173,5.83,5.76,3.49
0.8,Very Good,F,62.3,57,3720,5.92,5.95,3.7
0.38,Ideal,D,62.2,57,1067,4.63,4.66,2.89
1.23,Fair,E,67.4,56,3692,6.76,6.56,4.49
1,Good,H,63.8,59,4028,6.28,6.26,4
0.9,Very Good,E,60.7,61,5102,6.21,6.24,3.78
0.5,Ideal,H,61,56,1923,5.15,5.17,3.15
0.77,Premium,G,60.8,59,3299,5.96,5.92,3.61
1.01,Very Good,G,63.7,60,5192,6.31,6.35,4.03
1.16,Good,G,63.7,57,3644,6.59,6.56,4.19
0.8,Ideal,E,62.2,57,3584,5.98,5.95,3.71
0.71,Ideal,E,61.2,57,4030,5.73,5.8,3.53
0.54,Ideal,E,62.1,56,1163,5.18,5.22,3.23
0.71,Ideal,E,60.5,56,2823,5.77,5.73,3.47
1.56,Premium,E,62.4,60,10090,7.41,7.36,4.61
1.01,Ideal,J,61.9,55.3,4099,6.43,6.5,4.01
1.01,Very Good,H,63.5,56,4412,6.32,6.27,4
2.01,Fair,G,70.6,64,18574,7.43,6.64,4.69
1.02,Premium,H,62.5,60,3141,6.39,6.41,4
0.77,Good,G,63.9,59,2550,5.84,5.78,3.71
1.04,Ideal,E,61.1,56,5067,6.55,6.51,3.99
2.05,Ideal,H,61.6,57,18659,8.2,8.14,5.03
0.56,Ideal,F,61.6,55,1814,5.32,5.29,3.27
1.09,Premium,H,60.2,59,5860,6.71,6.67,4.03
2.01,Ideal,I,61.4,59,17227,8.06,8.13,4.97
1.51,Ideal,I,63.2,57,10655,7.4,7.28,4.62
1.5,Premium,F,62.3,58,15291,7.33,7.28,4.55
0.3,Ideal,H,62.4,55,545,4.32,4.34,2.7
0.53,Ideal,H,62.5,56,1412,5.19,5.15,3.23
2.35,Premium,I,59.9,58,17294,8.68,8.61,5.18
0.32,Ideal,G,61.6,54,560,4.4,4.43,2.72
0.51,Ideal,I,61.9,54,1000,5.12,5.15,3.18
1.52,Ideal,G,59.7,57,13777,7.48,7.5,4.47
1,Very Good,E,60.7,59,4311,6.38,6.44,3.89
0.5,Very Good,E,62.7,54,1624,5.07,5.1,3.19
0.3,Ideal,E,61.6,54,499,4.32,4.35,2.67
0.76,Fair,H,61.9,70,2328,5.84,5.77,3.59
1.01,Ideal,D,62,57,5832,6.37,6.44,3.97
0.76,Premium,F,62.5,59,2443,5.79,5.77,3.61
1.37,Very Good,J,60.7,60,5063,7.07,7.19,4.33
0.83,Very Good,F,61.9,58,3322,5.97,6.01,3.71
0.42,Ideal,F,61.9,54,838,4.87,4.83,3
0.9,Premium,F,58,57,3704,6.41,6.34,3.7
0.6,Very Good,J,62.9,60,1022,5.34,5.38,3.37
0.91,Fair,H,64.4,60,3180,6.1,6.07,3.92
1.51,Good,I,64,60,9301,7.21,7.26,4.63
0.3,Ideal,D,61.5,58,670,4.27,4.31,2.64
0.7,Very Good,H,62.6,57,1830,5.64,5.7,3.55
0.72,Premium,I,61.5,59,2262,5.78,5.73,3.54
0.57,Good,D,58.3,61,2015,5.42,5.45,3.17
0.42,Very Good,F,63.4,56,926,4.78,4.75,3.02
0.52,Ideal,G,62.2,54,1319,5.16,5.19,3.22
1.07,Ideal,F,61.5,57,4678,6.57,6.6,4.05
0.55,Ideal,E,61.2,57,2001,5.28,5.3,3.24
1.01,Ideal,F,63,57,9463,6.36,6.4,4.02
0.52,Ideal,E,62.6,57,1668,5.11,5.15,3.21
0.3,Ideal,H,61.1,56,650,4.33,4.37,2.66
0.5,Fair,E,66.3,55,1397,4.98,4.94,3.29
0.9,Premium,E,59.8,58,4092,6.26,6.21,3.73
2.01,Fair,G,63.8,59,14799,7.77,7.87,4.99
0.33,Ideal,I,61.4,56,480,4.45,4.48,2.74
0.5,Very Good,D,63.2,56,1243,5.05,5.01,3.18
0.4,Very Good,E,62.1,60,644,4.65,4.69,2.9
0.36,Very Good,H,60.8,57,865,4.58,4.6,2.79
1.13,Premium,G,60,60,7404,6.87,6.72,4.08
1.05,Premium,E,60.4,58,4742,6.59,6.55,3.97
0.51,Ideal,E,61.5,55,1546,5.18,5.16,3.18
0.92,Good,G,63.8,57,2677,6.19,6.13,3.93
0.41,Ideal,H,61.2,57,683,4.76,4.78,2.92
0.39,Very Good,I,61.3,58,805,4.74,4.78,2.92
0.9,Premium,E,61.7,57,4133,6.23,6.21,3.84
0.33,Premium,I,61,58,743,4.46,4.42,2.71
0.4,Ideal,G,61.1,57,915,4.72,4.78,2.9
0.55,Ideal,E,60.7,57,1668,5.3,5.27,3.21
0.91,Good,G,63.2,61,3340,6.01,6.27,3.88
1.05,Ideal,F,62.7,56,6403,6.52,6.59,4.11
0.32,Ideal,G,61.5,57,561,4.4,4.41,2.71
0.77,Premium,D,62.1,57,3644,5.85,5.8,3.62
0.73,Ideal,E,61.6,56,3429,5.8,5.82,3.58
0.5,Premium,G,62.6,56,1286,5.1,5.06,3.18
1.5,Premium,I,58.4,61,8820,7.48,7.42,4.35
0.5,Premium,F,62.3,58,2160,5.11,5.06,3.17
0.59,Ideal,G,60.6,56,1258,5.44,5.46,3.3
0.71,Very Good,D,61.1,56,2724,5.74,5.78,3.52
0.82,Very Good,H,60.7,56,2836,6.04,6.06,3.67
1.87,Ideal,J,62.3,57,10137,7.88,7.82,4.89
1.5,Very Good,F,60,60,17279,7.36,7.44,4.44
1.06,Premium,G,61.9,55,5043,6.61,6.54,4.07
0.32,Ideal,G,61.2,57,1020,4.43,4.4,2.7
0.25,Premium,F,61.2,59,558,4.05,4.02,2.47
0.72,Very Good,G,63.3,53,2318,5.73,5.68,3.61
1.65,Ideal,H,61.6,55,10349,7.58,7.62,4.68
0.7,Very Good,E,63.3,60,2592,5.59,5.56,3.53
0.33,Ideal,G,62.1,56,854,4.42,4.4,2.74
0.35,Ideal,H,61.5,57,798,4.53,4.54,2.79
0.3,Ideal,D,61.4,56,709,4.35,4.32,2.66
0.36,Very Good,G,62.8,57,821,4.52,4.55,2.85
1.01,Ideal,H,61.4,60,4680,6.48,6.45,3.97
0.55,Ideal,F,61.7,56,1819,5.3,5.26,3.26
0.6,Good,F,63.7,61,1367,5.24,5.21,3.33
0.7,Good,D,57.7,60,3082,5.83,5.86,3.37
1.62,Very Good,H,59.6,59,11427,7.59,7.67,4.55
1.04,Premium,F,59.8,59,5284,6.61,6.56,3.94
2.02,Premium,I,59.2,58,13068,8.29,8.25,4.89
0.51,Premium,D,62.2,58,1619,5.13,5.06,3.17
0.34,Ideal,E,61.8,57,1033,4.5,4.47,2.77
0.5,Premium,E,63,59,1415,5.01,4.99,3.15
0.31,Ideal,D,62.1,54,626,4.36,4.4,2.72
1.51,Ideal,H,62.6,56,11686,7.32,7.28,4.57
0.4,Ideal,F,61.7,55,1163,4.76,4.74,2.93
0.96,Very Good,E,62.6,60,4186,6.26,6.32,3.94
0.34,Very Good,D,62.8,55,626,4.45,4.5,2.81
0.4,Very Good,F,62.3,57,737,4.67,4.74,2.93
0.4,Premium,F,62.5,59,1050,4.69,4.66,2.92
1.71,Premium,H,62.5,57,10687,7.67,7.62,4.78
0.53,Ideal,D,62.2,56,1631,5.19,5.23,3.24
0.3,Very Good,D,61,61,552,4.27,4.29,2.61
0.53,Ideal,E,60.8,55,1707,5.26,5.3,3.21
0.33,Ideal,G,61.8,55,868,4.42,4.45,2.74
0.56,Ideal,I,62,57,1698,5.33,5.29,3.29
0.38,Premium,H,61.2,60,967,4.68,4.7,2.87
2.55,Premium,I,62.9,58,14351,8.7,8.59,5.44
0.41,Ideal,G,62.3,55,1367,4.75,4.78,2.97
0.32,Ideal,D,61.6,56,758,4.37,4.4,2.7
0.9,Premium,F,61.6,58,3457,6.23,6.15,3.81
1.11,Very Good,E,62,58,4769,6.61,6.68,4.12
0.3,Very Good,F,62.2,56,832,4.28,4.3,2.67
0.9,Ideal,G,62.7,55,3428,6.11,6.17,3.85
0.71,Ideal,G,62.6,56,3210,5.65,5.69,3.55
1.1,Ideal,G,61,56,9856,6.69,6.73,4.09
0.83,Premium,F,61.4,59,2840,6.08,6.04,3.72
0.52,Ideal,E,62.9,56,1290,5.12,5.08,3.21
1.1,Very Good,I,62.7,58,4356,6.54,6.58,4.11
0.52,Ideal,F,61.5,55,1121,5.17,5.2,3.19
1.09,Very Good,D,62.2,59,4598,6.46,6.49,4.03
2.05,Very Good,H,62.4,58,15949,8.1,8.15,5.07
0.54,Ideal,H,60.1,57,1338,5.28,5.33,3.19
0.27,Very Good,E,61.3,58,470,4.13,4.16,2.54
0.31,Premium,H,62.4,58,698,4.36,4.32,2.71
1.51,Ideal,G,59.8,60,12846,7.45,7.5,4.47
1.58,Very Good,H,61.4,60,10608,7.49,7.44,4.58
0.38,Ideal,D,61.1,56,633,4.65,4.71,2.86
0.26,Ideal,E,61.8,55,580,4.13,4.09,2.54
0.47,Good,F,59,60.2,1243,5.04,5.09,2.99
0.7,Ideal,D,62.6,57,2373,5.63,5.68,3.54
0.31,Premium,G,60.4,59,1046,4.41,4.37,2.65
0.37,Premium,E,60.2,58,757,4.65,4.68,2.81
0.45,Ideal,E,61.5,55,706,4.92,4.97,3.04
1.51,Good,I,63.7,58,9116,7.23,7.21,4.6
1.11,Ideal,I,61.7,57,6090,6.61,6.64,4.09
1.25,Premium,H,62.1,58,5950,6.93,6.86,4.28
0.78,Ideal,D,61.4,57,3454,5.91,5.94,3.64
0.41,Ideal,D,61.9,56,1427,4.76,4.8,2.96
1.21,Premium,D,60.9,58,6031,6.89,6.83,4.18
0.34,Premium,G,61.2,59,995,4.5,4.46,2.74
0.3,Premium,H,62.9,58,554,4.28,4.24,2.68
0.51,Good,F,63.6,56,1312,5.11,5.08,3.24
0.51,Ideal,G,61.3,57,1974,5.15,5.12,3.15
1.17,Very Good,G,61.2,58,5595,6.84,6.86,4.19
0.53,Good,F,63.8,56,1268,5.13,5.16,3.28
2.06,Ideal,I,61.9,56,16626,8.17,8.19,5.06
0.53,Ideal,I,60.3,60,1279,5.25,5.22,3.16
0.51,Premium,E,62.4,59,1381,5.07,5.12,3.18
1.06,Ideal,J,61.3,57,3932,6.55,6.6,4.03
0.4,Premium,G,61.4,60,900,4.71,4.67,2.88
0.52,Ideal,G,62.3,55,1815,5.16,5.14,3.21
0.4,Very Good,F,63.1,56,895,4.68,4.7,2.96
0.3,Ideal,H,61.4,57,545,4.31,4.32,2.65
0.53,Ideal,D,60.8,56,2067,5.24,5.27,3.2
0.34,Very Good,E,63.3,56,765,4.44,4.41,2.8
1,Very Good,D,63.1,59,6440,6.26,6.36,3.98
0.52,Ideal,G,62.1,56,1833,5.14,5.16,3.2
0.31,Premium,E,60.2,58,942,4.43,4.38,2.65
1.1,Very Good,F,62.2,59,10329,6.56,6.69,4.12
0.65,Very Good,F,59.3,56,2406,5.64,5.76,3.37
1.51,Fair,D,64.7,57,9555,7.17,7.24,4.66
0.31,Ideal,G,60.6,58,587,4.39,4.42,2.67
1.09,Ideal,I,60.3,57,4315,6.64,6.7,4.02
0.3,Ideal,I,62.4,56,552,4.3,4.32,2.69
1.01,Ideal,G,61,56,4383,6.48,6.54,3.97
0.72,Very Good,H,60.3,56,2771,5.81,5.83,3.51
0.3,Ideal,I,61.7,57,422,4.3,4.32,2.66
0.52,Very Good,G,60.6,61,1161,5.17,5.19,3.14
0.51,Premium,G,62,52,1781,5.37,5.05,3.23
0.5,Premium,D,62.8,58,1807,5.05,5.01,3.16
0.41,Very Good,E,59.8,61,1079,4.79,4.85,2.88
1.08,Ideal,G,62.3,56,9831,6.55,6.59,4.09
2.01,Good,H,63.2,58,15919,7.93,7.98,5.03
1.02,Very Good,G,63.2,59,4718,6.41,6.37,4.04
1.04,Very Good,F,63,55,10264,6.36,6.53,4.06
1,Premium,I,62.2,62,3360,6.39,6.33,3.96
1.06,Ideal,E,60.7,57,3977,6.61,6.59,4
2.51,Ideal,H,62.9,56,15324,8.65,8.61,5.43
0.52,Very Good,G,63.3,57,1450,5.11,5.09,3.23
0.93,Premium,G,62.2,55,3689,6.27,6.24,3.89
0.32,Ideal,I,62.2,57,449,4.39,4.42,2.74
0.3,Premium,D,61.7,59,709,4.31,4.28,2.65
2.01,Good,G,63.6,59,15832,7.95,8,5.07
1.52,Premium,D,62.4,59,6810,7.36,7.29,4.57
1.55,Premium,I,58.2,59,8069,7.73,7.63,4.47
1.15,Ideal,D,58.5,57,8114,6.96,6.93,4.06
0.46,Ideal,J,62.6,53.9,851,4.92,4.95,3.09
0.24,Very Good,D,62.4,58,552,3.94,4.01,2.48
1.1,Very Good,H,63.5,55,4682,6.55,6.49,4.14
0.5,Ideal,G,62,56,1449,5.08,5.11,3.16
1.36,Premium,G,62.1,57,4509,7.11,7.06,4.4
0.33,Very Good,G,61,57,652,4.46,4.49,2.72
0.31,Very Good,D,61.8,60,462,4.33,4.37,2.69
0.7,Good,G,63.1,55,2633,5.61,5.64,3.55
0.9,Good,H,63.2,61,3398,6.12,6.03,3.84
1.01,Very Good,H,63.5,57,4659,6.31,6.35,4.02
0.52,Ideal,D,61.9,57,1919,5.17,5.14,3.19
0.85,Very Good,I,60,57,3070,6.1,6.16,3.68
1.01,Very Good,H,60.9,55,5687,6.53,6.57,3.99
1.01,Premium,I,61.8,58,4072,6.45,6.37,3.96
0.61,Good,H,58.7,64,1976,5.53,5.5,3.24
1.01,Very Good,F,61.9,58,5383,6.41,6.44,3.98
1.01,Ideal,F,63,57,4559,6.39,6.34,4.01
1.01,Ideal,E,62.6,57,5599,6.43,6.38,4.01
0.52,Premium,E,60.7,58,1815,5.21,5.17,3.15
1.59,Premium,J,62.5,60,7836,7.46,7.42,4.65
0.52,Very Good,H,63.5,58,1389,5.08,5.09,3.23
0.91,Good,H,63.1,59,3921,6.13,6.16,3.88
1.52,Premium,D,59.8,60,10623,7.5,7.42,4.46
0.45,Premium,I,62.3,58,1035,4.86,4.84,3.02
0.75,Premium,F,61.5,58,2683,5.83,5.87,3.6
1.54,Premium,H,61.9,59,11663,7.31,7.33,4.53
1.5,Ideal,I,60.5,56,9533,7.38,7.46,4.49
1.5,Ideal,H,62.2,57,10692,7.27,7.33,4.54
0.29,Very Good,F,61.5,56,563,4.26,4.3,2.63
0.71,Very Good,E,58.4,63,2343,5.85,5.8,3.4
0.51,Premium,G,60.8,59,1052,5.2,5.19,3.16
0.35,Ideal,G,61.2,56,887,4.55,4.57,2.79
0.4,Ideal,F,62.4,57,1163,4.73,4.69,2.94
0.32,Very Good,D,63.5,55,756,4.35,4.31,2.75
0.32,Premium,H,60.7,58,505,4.43,4.46,2.7
0.51,Ideal,I,61.6,54,1274,5.15,5.18,3.18
1.13,Ideal,I,61.7,57,4385,6.7,6.59,4.13
1.27,Premium,H,60,61,7503,7.03,6.99,4.26
0.26,Premium,E,60.1,60,580,4.15,4.1,2.48
1.16,Premium,H,59.6,58,4814,6.86,6.83,4.08
1.01,Very Good,H,62.1,57,5028,6.39,6.45,3.99
0.3,Ideal,I,62.2,56,515,4.27,4.31,2.67
0.41,Premium,E,59.8,60,935,4.83,4.87,2.9
1.56,Premium,J,61.1,59,8324,7.49,7.52,4.58
0.76,Premium,E,61.7,62,3064,5.85,5.82,3.6
0.91,Ideal,H,60.3,57,3423,6.27,6.31,3.79
0.52,Ideal,J,61.4,56.4,896,5.15,5.17,3.17
0.33,Ideal,E,62.5,55,743,4.45,4.42,2.77
0.9,Good,F,64.2,62,3016,6,6.08,3.88
1.63,Ideal,H,61.3,56,12620,7.6,7.57,4.65
0.92,Ideal,D,61.9,55,5051,6.24,6.27,3.87
0.51,Very Good,H,62.3,57,1628,5.1,5.12,3.18
0.54,Ideal,E,61.6,56,1774,5.24,5.28,3.24
1.74,Premium,I,62.5,57,13037,7.71,7.67,4.81
0.23,Very Good,E,61.7,59,478,3.97,4,2.46
0.5,Very Good,J,63.4,58,1023,5.07,5.02,3.2
0.38,Very Good,E,62.4,57,1098,4.62,4.71,2.91
0.31,Very Good,F,63.4,56,802,4.34,4.31,2.74
0.35,Ideal,D,62.4,55,829,4.48,4.52,2.81
0.7,Ideal,D,62.5,56,2612,5.67,5.73,3.56
0.32,Ideal,G,62,57,842,4.38,4.42,2.73
0.41,Ideal,F,61.3,55,1007,4.79,4.83,2.95
0.71,Ideal,I,61.6,56,2145,5.72,5.8,3.56
2.19,Very Good,I,60.7,60,16397,8.46,8.4,5.12
0.31,Ideal,F,61.9,54,802,4.38,4.35,2.7
0.5,Premium,G,62.8,61,1286,5.01,4.99,3.14
1.02,Ideal,G,62.3,55,6648,6.45,6.48,4.03
1.87,Premium,E,61.9,58,16232,7.94,7.88,4.9
0.36,Very Good,E,60.4,58,677,4.58,4.62,2.78
0.91,Very Good,H,58.3,59,4193,6.35,6.47,3.74
0.31,Premium,E,60.1,61,698,4.4,4.35,2.63
0.34,Very Good,D,62,59,626,4.42,4.48,2.76
1.03,Good,G,63.7,60,4001,6.35,6.28,4.02
0.91,Very Good,D,62.8,58,5033,6.16,6.19,3.88
1.05,Ideal,F,62.7,57,9784,6.5,6.41,4.05
1.03,Ideal,E,60.6,59,10003,6.5,6.53,3.95
0.28,Very Good,E,62.2,59,428,4.19,4.23,2.62
0.3,Ideal,H,62,57,457,4.27,4.31,2.66
0.31,Ideal,D,62.8,53,593,4.37,4.35,2.74
0.41,Good,D,63.4,56,707,4.73,4.76,3.01
1.01,Good,E,63.4,60,5132,6.3,6.34,4.01
1.01,Fair,I,66.1,58,3054,6.21,6.04,4.05
1,Premium,I,60.3,62,3763,6.46,6.41,3.88
0.37,Ideal,E,61.9,56,649,4.57,4.6,2.84
0.92,Premium,E,59.4,62,4183,6.3,6.24,3.73
1.03,Premium,G,60.1,60,5581,6.55,6.52,3.93
0.73,Very Good,J,60.6,61,1952,5.77,5.81,3.51
1.05,Premium,F,62.6,59,4557,6.47,6.43,4.04
0.31,Premium,G,60,62,907,4.44,4.4,2.65
1.01,Premium,H,59.4,62,3083,6.47,6.43,3.83
0.43,Premium,G,62.3,59,968,4.81,4.79,2.99
0.84,Premium,E,59.7,59,4318,6.16,6.13,3.67
0.7,Very Good,D,62.8,58,3375,5.65,5.68,3.56
1.01,Premium,I,60.5,61,3761,6.47,6.42,3.9
0.7,Ideal,G,62.7,57,2352,5.69,5.64,3.55
1.27,Very Good,H,63.1,57,4978,6.88,6.84,4.33
1.5,Ideal,G,62.2,55,16948,7.33,7.35,4.57
0.55,Premium,E,59.6,60,2277,5.41,5.36,3.15
1,Fair,I,66.9,57,1997,6.15,6.03,4.09
0.76,Ideal,H,62.4,55,2371,5.87,5.83,3.65
0.5,Ideal,H,61.7,58,1035,5.07,5.11,3.14
1.31,Premium,H,59.3,59,7395,7.18,7.13,4.24
1.54,Fair,I,64.6,56,7727,7.3,7.26,4.7
1.29,Ideal,D,61.3,56,5158,7.05,6.99,4.3
0.54,Very Good,I,63.2,57,1135,5.17,5.21,3.28
1.02,Very Good,E,63.3,59,4478,6.42,6.32,4.03
1.68,Ideal,H,61.9,56,13375,7.63,7.72,4.75
1.07,Premium,H,58.9,58,4830,6.7,6.65,3.93
0.3,Premium,H,61.8,58,878,4.36,4.32,2.68
0.72,Very Good,E,60.5,55,3798,5.82,5.85,3.53
0.32,Ideal,E,61.3,56,456,4.42,4.45,2.72
1.02,Good,G,63.6,58,7861,6.37,6.4,4.06
0.3,Good,J,64.1,58,441,4.26,4.23,2.72
0.5,Premium,J,60.7,58,1125,5.13,5.11,3.11
0.9,Very Good,G,62.3,60,4540,6,6.08,3.76
2,Good,J,64.2,61,11988,7.72,7.69,4.95
0.7,Good,E,64.3,57,2164,5.63,5.56,3.6
0.7,Good,G,63.5,61,2074,5.61,5.64,3.57
0.32,Very Good,I,63,56,449,4.38,4.42,2.77
0.31,Ideal,F,61.7,55,490,4.35,4.37,2.69
1.21,Very Good,F,62.9,54,8403,6.78,6.82,4.28
0.7,Premium,E,61,57,2777,5.73,5.68,3.48
1.52,Very Good,J,62.1,60,11392,7.33,7.36,4.56
2,Very Good,H,62.8,57,18803,7.95,8,5.01
0.41,Ideal,G,61.4,59,1042,4.78,4.76,2.93
0.7,Good,E,64.2,60,2394,5.58,5.64,3.6
0.42,Ideal,H,61,56,1213,4.82,4.79,2.93
0.7,Premium,F,62.3,58,2838,5.72,5.64,3.54
1.73,Premium,F,61.2,58,16975,7.76,7.69,4.73
0.91,Very Good,E,59.4,59,4795,6.3,6.36,3.76
1.51,Very Good,G,62.8,56,8637,7.22,7.3,4.56
0.61,Ideal,I,62,54,1380,5.44,5.49,3.39
0.26,Ideal,E,61.7,57,599,4.07,4.1,2.52
0.32,Very Good,D,62.5,57,758,4.34,4.39,2.73
0.33,Very Good,E,59.8,59,772,4.5,4.53,2.7
0.31,Ideal,G,61.5,56,687,4.38,4.4,2.7
2.06,Premium,G,61.5,58,18439,8.2,8.15,5.03
2.07,Premium,I,59.4,61,15392,8.35,8.31,4.95
1.2,Ideal,J,61.8,55,5318,6.84,6.86,4.23
0.55,Ideal,H,61.4,56,1584,5.28,5.31,3.25
0.3,Very Good,G,63.5,54,878,4.26,4.25,2.7
0.5,Premium,E,61.7,58,1240,5.12,5.06,3.14
0.31,Ideal,G,61.6,55,891,4.37,4.39,2.7
0.91,Very Good,G,63.4,59,3763,6.2,6.14,3.91
0.36,Ideal,I,60.5,57,568,4.56,4.59,2.77
1.01,Premium,E,62.3,59,5430,6.38,6.33,3.96
0.7,Fair,H,64.5,65,2717,5.52,5.45,3.54
0.37,Very Good,E,61.6,56,493,4.61,4.65,2.85
0.28,Very Good,D,60.6,58,642,4.23,4.25,2.57
0.37,Ideal,J,62.4,55,624,4.64,4.59,2.88
0.5,Very Good,E,63.2,57,1415,5.06,5.03,3.19
0.46,Ideal,G,62.4,54.4,1306,4.93,4.98,3.09
0.41,Premium,G,62.1,60,899,4.72,4.78,2.95
2.01,Ideal,E,62.2,57,17849,8.09,8.04,5.02
0.32,Premium,H,61,60,505,4.35,4.41,2.67
0.71,Very Good,G,63.1,56,2462,5.58,5.77,3.58
1.22,Premium,H,62.4,58,5997,6.82,6.77,4.24
0.41,Ideal,F,61.2,56,1323,4.78,4.82,2.94
1.19,Good,E,57.4,60,7064,7,6.9,3.99
1.97,Very Good,H,62.9,59,17377,7.9,8.01,5
1.01,Ideal,G,59.3,60,4556,6.54,6.58,3.89
1.52,Very Good,J,62.6,58,7467,7.28,7.31,4.57
1.01,Very Good,E,63.3,58,8912,6.39,6.31,4.02
1.7,Ideal,E,61.6,57,9139,7.63,7.57,4.68
1.52,Very Good,F,63.7,57,16786,7.28,7.31,4.65
1.7,Very Good,H,60.8,56,10255,7.67,7.72,4.68
0.4,Ideal,G,61.6,57,1123,4.75,4.76,2.93
0.44,Ideal,H,61.5,56,1185,4.89,4.93,3.02
0.52,Very Good,E,62.6,58,1372,5.05,5.17,3.2
1,Good,J,64.3,59,3580,6.27,6.21,4.01
0.23,Very Good,F,59.8,57,402,4.04,4.06,2.42
0.44,Very Good,J,63.1,57,891,4.87,4.83,3.06
1.51,Ideal,E,61.5,57,18729,7.34,7.4,4.53
0.77,Good,E,64.1,56,2005,5.84,5.77,3.72
1.5,Very Good,G,60.5,57,12014,7.39,7.43,4.48
0.29,Very Good,H,61.2,56,541,4.26,4.29,2.61
0.3,Ideal,E,61.5,55,658,4.28,4.31,2.64
0.53,Ideal,E,60.9,56,1786,5.27,5.28,3.21
0.71,Premium,F,61.6,60,2381,5.79,5.73,3.55
0.31,Very Good,H,63,57,489,4.32,4.34,2.73
1.16,Ideal,D,62,55,12989,6.68,6.72,4.19
0.5,Premium,F,60.6,59,1764,5.19,5.14,3.13
0.31,Good,G,64.4,54,531,4.24,4.29,2.75
0.33,Ideal,G,61.8,55,838,4.47,4.5,2.77
0.31,Ideal,E,62.7,57,698,4.32,4.29,2.7
1.01,Good,D,64.6,59,4468,6.23,6.3,4.05
0.31,Ideal,H,62,53,562,4.34,4.37,2.7
1.51,Premium,F,61.4,58,11817,7.43,7.35,4.54
0.42,Ideal,G,61.2,57,1179,4.78,4.82,2.94
0.38,Ideal,G,61.6,56,969,4.68,4.63,2.86
1.01,Good,E,63.7,55,4118,6.38,6.31,4.05
2.02,Premium,E,61,59,18117,8.18,8.12,4.97
0.75,Very Good,H,60.6,58,2806,5.85,5.9,3.56
0.3,Ideal,E,61.4,55,1053,4.34,4.36,2.67
1.01,Good,D,63.6,61,3959,6.35,6.33,4.03
1,Good,E,65.3,56,7226,6.19,6.24,4.06
0.51,Premium,F,62.7,59,1402,5.04,5.07,3.17
0.52,Good,I,63.6,60,1073,5.1,5.05,3.23
0.3,Ideal,H,62.1,54,590,4.32,4.35,2.69
0.75,Fair,F,64.5,60,2363,5.65,5.54,3.61
0.55,Ideal,I,60.4,56,1109,5.32,5.36,3.23
2.22,Very Good,J,58.7,60,13782,8.51,8.57,5.01
1.51,Ideal,G,61.8,54,14482,7.42,7.38,4.57
0.5,Very Good,G,62.8,55,1170,5.03,5.07,3.17
0.29,Ideal,H,62.1,55,607,4.26,4.29,2.65
1.79,Premium,G,61.7,59,18419,7.85,7.74,4.81
0.74,Ideal,D,61.1,57,2690,5.81,5.84,3.56
0.3,Ideal,D,61,58,547,4.32,4.33,2.64
1,Ideal,G,62.3,54,6272,6.42,6.38,3.99
1.71,Very Good,F,63.3,53,13152,7.54,7.59,4.79
1.27,Very Good,F,62.5,56,13200,6.99,6.93,4.35
1.52,Ideal,D,62.3,56,15252,7.41,7.32,4.59
0.92,Premium,G,59.4,60,3916,6.34,6.31,3.76
0.55,Very Good,E,61.2,57,1725,5.22,5.27,3.21
1.01,Ideal,G,60.9,56,8029,6.51,6.55,3.98
0.5,Premium,F,62.2,59,1250,5.07,5.03,3.14
0.38,Ideal,D,60.7,56,808,4.69,4.74,2.86
1.03,Ideal,G,62.8,55,6645,6.48,6.44,4.05
1.5,Good,I,63.8,59,8736,7.21,7.11,4.57
0.43,Very Good,G,62.3,59,754,4.79,4.81,2.99
0.75,Premium,F,61.1,59,2744,5.86,5.79,3.56
1.2,Premium,H,61,58,6129,6.92,6.84,4.2
0.51,Premium,E,62.5,59,1656,5.06,5.11,3.18
0.32,Ideal,G,61.6,57,828,4.42,4.38,2.71
0.34,Good,E,60.5,60.1,641,4.5,4.53,2.73
0.7,Very Good,F,61.7,63,2737,5.61,5.64,3.47
0.7,Good,H,59.1,65,2352,5.85,5.75,3.43
0.3,Ideal,D,61.6,57,710,4.3,4.33,2.66
0.39,Very Good,F,62.7,57,1232,4.64,4.68,2.92
0.3,Very Good,D,63.2,59,707,4.26,4.29,2.7
1,Premium,G,61.6,58,5940,6.39,6.43,3.95
0.52,Premium,G,59.7,60,1306,5.22,5.2,3.11
0.83,Good,I,64.6,54,2774,5.85,5.88,3.79
0.73,Very Good,D,60.8,59,3014,5.8,5.85,3.54
1.23,Ideal,H,62.1,55.9,6088,6.82,6.85,4.24
0.3,Ideal,G,61.4,57,477,4.28,4.32,2.64
0.31,Ideal,G,61.6,55,596,4.37,4.4,2.7
0.53,Good,G,63.8,56,1268,5.14,5.18,3.29
1.1,Ideal,H,61.5,56,6844,6.61,6.65,4.08
1.28,Ideal,H,61.8,57,5676,7,6.97,4.32
0.3,Ideal,E,61.9,57,675,4.33,4.29,2.67
0.91,Good,D,63.8,58,3781,6.09,6.04,3.87
1.01,Very Good,D,62.4,58,4666,6.39,6.47,4.01
0.51,Very Good,F,60.5,63,1781,5.17,5.11,3.11
0.45,Very Good,E,62.8,58,851,4.84,4.88,3.05
1.02,Very Good,J,62.9,59,3755,6.34,6.41,4.01
1.54,Ideal,F,61.9,56,12195,7.44,7.38,4.59
0.35,Ideal,D,61.5,56,1063,4.55,4.53,2.79
0.41,Ideal,F,61.4,56,824,4.77,4.8,2.94
0.7,Ideal,F,59.8,55,2665,5.83,5.75,3.46
1.05,Ideal,H,61.3,57,6255,6.51,6.54,4
1.02,Premium,G,61.8,59,8643,6.46,6.41,3.98
0.34,Good,H,63.1,57,596,4.4,4.44,2.79
1.55,Very Good,H,63.3,56,10546,7.38,7.32,4.65
0.77,Good,I,64.1,55,2184,5.8,5.86,3.73
1.52,Very Good,D,61.2,63,9030,7.39,7.31,4.5
1.58,Ideal,D,62.5,55,11428,7.39,7.45,4.64
0.3,Ideal,F,62.1,55,868,4.31,4.32,2.68
1.37,Very Good,H,62,59,9046,7.08,7.12,4.4
0.31,Good,H,63.1,58,489,4.27,4.32,2.71
0.31,Ideal,D,62.4,53,732,4.35,4.33,2.71
0.83,Very Good,H,62.5,59,2800,5.95,6.02,3.74
0.52,Very Good,D,61.6,58,1429,5.14,5.22,3.19
0.42,Ideal,D,61.4,56,1326,4.82,4.85,2.97
0.28,Very Good,G,62,55,382,4.2,4.25,2.62
0.3,Ideal,G,62.5,55,665,4.3,4.34,2.7
0.91,Premium,G,60.4,61,3376,6.28,6.21,3.77
0.4,Ideal,E,62.4,54,951,4.73,4.75,2.96
1.53,Good,I,63.9,59,6238,7.31,7.17,4.64
0.54,Ideal,E,62.2,55,1754,5.21,5.24,3.25
0.27,Very Good,H,62.1,57,486,4.1,4.15,2.56
2.24,Premium,H,61.4,57,16656,8.43,8.35,5.15
1.22,Ideal,H,62.2,54,6727,6.83,6.86,4.26
0.74,Ideal,G,61.6,55,2760,5.8,5.85,3.59
1.21,Very Good,G,59.6,60,5556,6.92,6.94,4.13
0.42,Ideal,H,62,57,1087,4.82,4.8,2.98
0.7,Ideal,I,61.6,56,2623,5.69,5.71,3.51
0.58,Ideal,F,61.9,56,2227,5.36,5.33,3.31
0.51,Ideal,H,61.6,55,1222,5.14,5.18,3.18
0.31,Very Good,F,61.4,55,625,4.32,4.34,2.66
1.17,Good,D,57.8,62,4639,6.97,6.91,4.01
1.01,Very Good,E,63.3,58,5077,6.39,6.37,4.04
1.03,Premium,F,61.4,57,4586,6.6,6.53,4.03
0.72,Very Good,F,61.1,54,2673,5.82,5.84,3.56
0.57,Good,D,63.8,57,1262,5.24,5.26,3.35
0.3,Ideal,E,62.4,56,844,4.28,4.25,2.66
0.31,Premium,G,61.4,58,462,4.31,4.35,2.66
2.02,Good,F,61.9,61,15261,8.06,8.02,4.98
0.71,Ideal,E,61.1,57,4053,5.74,5.78,3.52
0.32,Very Good,G,58.1,59,842,4.49,4.53,2.62
0.3,Ideal,D,61.4,56,552,4.32,4.35,2.66
0.41,Premium,D,61.8,58,1356,4.79,4.75,2.95
0.41,Ideal,F,62.6,57,1107,4.79,4.76,2.99
0.34,Ideal,F,61.3,56,848,4.52,4.56,2.78
0.53,Ideal,D,60.2,55,1610,5.26,5.3,3.18
0.91,Premium,D,58.3,60,3511,6.4,6.33,3.71
0.27,Premium,D,62,57,603,4.15,4.11,2.56
0.6,Very Good,E,63.2,60,1250,5.32,5.28,3.35
0.5,Premium,F,61.1,55,2081,5.15,5.13,3.14
0.33,Ideal,I,62.1,55,694,4.41,4.44,2.75
0.79,Ideal,D,61.5,56,2846,5.96,5.91,3.65
0.28,Very Good,E,61,57,707,4.22,4.25,2.58
0.77,Ideal,J,61.9,54,2292,5.89,5.94,3.66
0.43,Premium,D,59.6,58,1659,4.94,4.89,2.93
0.52,Ideal,F,62.1,56,1767,5.14,5.2,3.2
1.02,Very Good,G,63.4,59,6169,6.32,6.3,4
0.44,Premium,J,61.9,57,891,4.9,4.83,3.01
0.7,Good,H,63.9,59,2351,5.64,5.6,3.59
0.42,Premium,D,60.1,58,898,4.88,4.83,2.92
0.32,Ideal,E,62,55,449,4.36,4.41,2.72
2.13,Very Good,G,61.5,57,15454,8.27,8.34,5.11
0.74,Ideal,H,61.8,58,2797,5.77,5.81,3.58
1.25,Premium,I,61,60,5040,6.98,6.93,4.24
0.5,Good,F,59.6,58,1214,5.1,5.16,3.06
2.39,Premium,H,60.6,58,16687,8.65,8.58,5.22
0.72,Ideal,G,61.6,56,3478,5.75,5.78,3.55
0.72,Ideal,I,61.5,58,2594,5.78,5.79,3.56
1.37,Ideal,G,62.6,55,12455,7.12,7.07,4.44
0.3,Very Good,E,62.3,57,658,4.27,4.3,2.67
0.36,Premium,E,61.3,60,789,4.54,4.59,2.8
0.3,Premium,E,62.5,58,844,4.31,4.26,2.68
0.3,Ideal,F,61.8,57,814,4.3,4.34,2.67
0.41,Ideal,H,62.5,56,899,4.74,4.77,2.97
0.23,Very Good,E,62.2,59,465,3.92,3.96,2.45
0.52,Ideal,G,62,55,2029,5.15,5.18,3.2
2.08,Very Good,D,60.1,59,18405,8.29,8.37,5.01
1.01,Very Good,I,62.9,56,5067,6.38,6.43,4.03
0.41,Good,D,63.3,55,738,4.74,4.77,3.01
0.41,Premium,F,61.2,57,1076,4.8,4.77,2.93
2.04,Ideal,I,61,57,16718,8.18,8.21,5
1.51,Premium,F,62.2,60,13474,7.25,7.34,4.54
1.13,Ideal,H,61.9,60,5911,6.63,6.65,4.11
1.02,Ideal,G,61.5,57,8168,6.44,6.47,3.97
1.7,Ideal,I,61.9,55,12996,7.65,7.72,4.75
0.51,Very Good,D,62.8,57,1264,5.1,5.12,3.21
1.09,Ideal,F,61.7,57,8730,6.58,6.62,4.07
1.08,Ideal,G,62.5,56,6530,6.57,6.54,4.1
1.22,Premium,G,61.2,60,6449,6.82,6.75,4.15
0.75,Ideal,E,61.7,55,2609,5.9,5.86,3.63
1.62,Ideal,J,62.4,53.2,8075,7.47,7.51,4.68
0.9,Fair,G,55.9,62,3104,6.35,6.42,3.57
0.52,Ideal,D,61.7,56,1919,5.18,5.16,3.19
0.51,Ideal,G,61.7,56,1656,5.1,5.14,3.16
1.58,Premium,D,59.6,59,10934,7.67,7.61,4.55
0.51,Premium,E,62.1,57,2185,5.18,5.15,3.21
0.3,Very Good,H,62,59,684,4.26,4.29,2.65
1,Ideal,H,61.4,57,4564,6.37,6.34,3.9
1.04,Good,G,58.9,64,6151,6.6,6.64,3.9
1.02,Premium,H,60.9,58,4113,6.53,6.41,3.94
0.3,Ideal,E,61.2,55,658,4.31,4.35,2.65
0.9,Very Good,F,62.7,58,5160,6.12,6.19,3.86
0.36,Ideal,H,61.5,57,648,4.6,4.57,2.82
1.07,Premium,F,60.8,58,4491,6.62,6.68,4.04
0.7,Premium,H,61.8,62,2375,5.69,5.63,3.5
0.32,Very Good,G,62.1,53,918,4.4,4.45,2.75
0.31,Ideal,E,61.8,56,988,4.36,4.34,2.69
0.91,Good,D,64.1,62,3349,6.06,6.01,3.87
1,Good,D,59.9,62,6568,6.41,6.45,3.85
1.23,Ideal,G,62,56,9030,6.92,6.86,4.27
0.7,Good,E,62.7,61,2239,5.59,5.67,3.53
0.41,Ideal,D,62.4,55,1076,4.79,4.76,2.98
0.9,Good,H,57.4,63,1939,6.38,6.33,3.65
0.42,Premium,G,62.7,58,1179,4.74,4.79,2.99
0.72,Ideal,H,61.1,56,2997,5.78,5.8,3.54
1.07,Very Good,G,58.5,61,4201,6.59,6.71,3.89
0.74,Ideal,H,60.9,57,3760,5.83,5.85,3.56
0.72,Premium,E,63,55,2802,5.79,5.61,3.59
2.24,Premium,J,62.2,59,13827,8.37,8.33,5.19
0.71,Very Good,F,60.6,58,2697,5.74,5.81,3.5
0.7,Good,H,59.7,57,2347,5.75,5.8,3.45
0.31,Good,G,63.1,58,544,4.3,4.35,2.73
0.55,Ideal,G,61.8,58,1659,5.23,5.26,3.24
0.3,Ideal,E,62.1,56,499,4.31,4.36,2.69
1.01,Ideal,G,61.4,58,6618,6.47,6.44,3.97
0.71,Fair,F,57,68,2198,6.05,5.87,3.4
0.33,Premium,H,60.4,60,521,4.48,4.52,2.72
2.4,Ideal,J,62,57,12468,8.53,8.47,5.27
1.04,Ideal,I,61.3,57,4659,6.57,6.54,4.02
0.38,Premium,J,62.1,60,600,4.6,4.64,2.87
1.08,Ideal,E,62.5,57,10300,6.52,6.57,4.09
0.7,Ideal,D,60.6,57,2828,5.74,5.77,3.49
0.39,Very Good,H,62.4,57,784,4.67,4.7,2.92
1.04,Ideal,E,61,57,9901,6.61,6.57,4.02
0.4,Very Good,F,62.1,60,756,4.66,4.7,2.91
0.56,Very Good,E,62,58.9,2027,5.25,5.29,3.27
1.01,Premium,G,59.9,56,4875,6.6,6.45,3.91
1.02,Ideal,F,62.6,57,7632,6.4,6.47,4.03
0.39,Ideal,F,60,57,821,4.7,4.76,2.84
0.54,Ideal,G,61.8,56,1724,5.21,5.26,3.24
0.71,Ideal,E,62.7,56,2550,5.68,5.71,3.57
0.52,Ideal,G,63,55,1151,5.14,5.12,3.23
1.26,Ideal,I,59.6,57,4620,7.01,7.04,4.19
1.5,Ideal,G,63,56,12821,7.32,7.26,4.59
1.23,Ideal,H,62.3,57,6046,6.89,6.85,4.28
0.73,Very Good,H,61.6,59,2641,5.74,5.81,3.56
2.32,Premium,F,62.5,59,16237,8.51,8.44,5.3
0.7,Good,E,63.5,59,2812,5.49,5.53,3.5
0.54,Ideal,G,60.7,57,2274,5.29,5.26,3.2
0.26,Very Good,G,62.2,56,486,4.09,4.12,2.55
0.91,Ideal,G,62.3,56,3664,6.18,6.22,3.86
1,Ideal,F,59.7,60,9014,6.48,6.52,3.88
1.11,Very Good,H,62,55,4871,6.61,6.68,4.12
0.93,Premium,G,62.1,59,4793,6.21,6.16,3.84
0.32,Ideal,E,61.4,57,780,4.46,4.4,2.72
0.72,Ideal,G,61.8,56,3048,5.7,5.76,3.55
0.42,Premium,G,61.6,60,963,4.8,4.85,2.97
0.9,Ideal,F,61.8,56,4593,6.18,6.21,3.83
1.31,Ideal,J,62.5,56,6337,6.95,7.04,4.37
0.59,Ideal,E,60.2,59,1941,5.47,5.49,3.3
1.12,Very Good,G,62.5,58,5088,6.6,6.64,4.14
0.52,Premium,H,59.2,60,1577,5.27,5.23,3.11
0.32,Ideal,E,62,55,900,4.38,4.36,2.71
0.7,Premium,E,62.9,59,2273,5.71,5.64,3.57
1.09,Ideal,H,62.5,56,5219,6.58,6.53,4.1
0.7,Premium,F,62.5,59,2354,5.67,5.65,3.54
1,Good,E,57.4,58,6160,6.61,6.57,3.78
1.2,Premium,H,59.3,60,5822,7,6.92,4.13
2.01,Good,J,63.6,59,12257,7.96,8.01,5.08
0.5,Ideal,F,61.6,56,2052,5.08,5.11,3.14
0.41,Ideal,E,60.5,58,997,4.81,4.85,2.92
1.22,Ideal,G,62.3,57,5296,6.85,6.8,4.25
1.01,Premium,F,61.4,60,7792,6.45,6.39,3.94
0.39,Ideal,F,61.3,56,988,4.73,4.77,2.91
1.51,Ideal,H,61.9,57,7678,7.4,7.33,4.56
0.56,Ideal,F,62.1,57,1814,5.29,5.28,3.28
0.32,Premium,G,62.8,58,720,4.35,4.31,2.72
0.27,Very Good,F,60.1,58,620,4.17,4.22,2.52
0.76,Premium,E,60.5,56,3447,5.98,5.95,3.61
0.36,Ideal,F,61.3,54,803,4.63,4.65,2.84
0.59,Ideal,E,62.4,55,1664,5.34,5.39,3.35
0.74,Very Good,H,63.1,56,2264,5.78,5.75,3.64
0.32,Premium,G,59.8,59,720,4.52,4.48,2.69
1.54,Fair,I,65,56,6375,7.22,7.14,4.67
0.8,Premium,E,61.5,58,3297,5.97,5.93,3.66
1.26,Ideal,H,61,57,8959,6.97,7.03,4.27
1.51,Premium,E,58.6,62,12655,7.58,7.53,4.43
1.1,Premium,I,62.7,57,4805,6.6,6.55,4.12
0.3,Very Good,E,61.5,58,640,4.28,4.31,2.64
0.74,Very Good,H,62.1,58,2222,5.82,5.78,3.6
1.51,Good,J,64,58,6936,7.24,7.27,4.64
0.7,Very Good,G,60.5,62,2287,5.72,5.76,3.47
0.39,Ideal,F,62.5,55,921,4.68,4.63,2.91
0.71,Very Good,F,62.8,59,2427,5.62,5.66,3.54
0.41,Ideal,G,60.4,56,1007,4.8,4.83,2.91
1.51,Good,E,65.5,56,9539,7.12,7.16,4.68
0.72,Ideal,H,60.3,59,2197,5.77,5.83,3.5
0.7,Ideal,H,61.1,58,2107,5.69,5.7,3.48
0.3,Good,D,64.2,55,689,4.23,4.28,2.73
1.31,Very Good,I,62.3,58,6885,6.99,7.03,4.37
0.38,Ideal,G,61.9,54.1,757,4.66,4.69,2.89
0.9,Very Good,G,61.7,60,4872,6.11,6.2,3.8
0.36,Ideal,E,61.6,57,1094,4.58,4.54,2.81
0.53,Very Good,D,63.4,58,1636,5.15,5.11,3.25
1.02,Very Good,D,63.2,58,5198,6.41,6.35,4.03
0.3,Ideal,I,62.5,56,615,4.26,4.28,2.67
0.35,Very Good,G,62.2,58,1044,4.45,4.52,2.79
0.9,Premium,J,59.8,62,2863,6.24,6.21,3.72
1.11,Ideal,D,61.6,55,5547,6.62,6.66,4.09
0.51,Ideal,E,62.3,56,1443,5.15,5.12,3.2
0.76,Premium,F,62.3,55,2425,5.88,5.84,3.65
0.52,Ideal,F,61.6,57,2168,5.16,5.2,3.19
0.43,Very Good,E,61.9,56,1433,4.81,4.85,2.99
0.9,Premium,H,61.8,58,4082,6.17,6.12,3.8
1.01,Good,G,63.7,58,3626,6.31,6.35,4.03
0.95,Very Good,G,61.7,58,5111,6.26,6.34,3.89
0.3,Very Good,J,61.6,61,368,4.28,4.33,2.65
0.35,Premium,E,61.2,58,614,4.53,4.59,2.79
0.71,Ideal,E,62,56,4802,5.69,5.73,3.54
1.93,Fair,F,58.9,62,17995,8.17,7.97,4.75
0.24,Very Good,E,62.2,60,485,3.97,4.01,2.48
1.06,Premium,D,58.9,61,5983,6.69,6.63,3.92
1,Very Good,D,61.4,63,6040,6.35,6.41,3.92
0.31,Ideal,E,60.8,56,767,4.39,4.42,2.68
0.41,Ideal,H,62.9,54,1243,4.74,4.71,2.97
1.51,Very Good,D,62.8,57,15513,7.23,7.29,4.56
0.52,Ideal,F,61.8,55,1624,5.19,5.15,3.2
2.03,Very Good,G,60.1,60,18630,8.09,8.18,4.89
0.6,Premium,D,60.4,60,1896,5.44,5.48,3.3
1.53,Premium,G,61.7,59,9572,7.31,7.4,4.54
0.58,Very Good,H,58.4,59,1239,5.48,5.51,3.21
2.01,Premium,I,60.3,62,15939,8.13,8.08,4.89
1.54,Premium,J,62.4,59,9215,7.36,7.38,4.6
1.01,Fair,G,68.9,60,5294,6.06,6.02,4.17
1.55,Premium,H,58,60,6458,7.61,7.58,4.41
0.38,Ideal,F,61.7,55.4,1010,4.66,4.68,2.88
1.01,Ideal,H,61.9,58,4767,6.42,6.48,3.99
1.23,Premium,I,62.4,58,5269,6.86,6.82,4.27
0.5,Good,F,63.6,57,1436,5.03,5.07,3.21
0.54,Ideal,F,59.8,57,1369,5.31,5.29,3.17
0.33,Ideal,E,62.1,54,840,4.45,4.47,2.77
1.1,Very Good,G,62.3,58,4997,6.55,6.61,4.1
0.51,Premium,G,62.1,60,1781,5.11,5.1,3.17
1.16,Ideal,G,61.8,55,5908,6.75,6.78,4.18
1.06,Very Good,F,62.6,60,4634,6.54,6.44,4.06
1.01,Good,E,64.1,62,4480,6.26,6.19,3.99
2.01,Premium,H,61.3,59,17849,8.16,8.08,4.98
0.54,Premium,F,61.8,60,1237,5.2,5.22,3.22
0.31,Ideal,I,61.3,55.6,513,4.37,4.4,2.69
0.33,Ideal,E,60.9,56,1052,4.48,4.46,2.72
0.24,Ideal,F,62.2,57,419,3.96,4.01,2.48
0.55,Ideal,G,61.4,56,2028,5.27,5.28,3.24
0.56,Ideal,G,61,56,2230,5.31,5.35,3.25
1.07,Very Good,H,59.2,61,5143,6.65,6.67,3.94
0.62,Premium,F,61.3,60,1633,5.48,5.45,3.35
1.04,Very Good,D,62.9,58,5265,6.41,6.47,4.05
0.97,Premium,H,58,62,3911,6.56,6.48,3.79
0.34,Very Good,E,60.3,57,596,4.53,4.56,2.74
0.42,Very Good,G,58.5,63,1181,4.9,4.88,2.86
1.29,Premium,D,62.7,55,8597,6.96,6.91,4.35
0.9,Very Good,F,63.2,56,4158,6.16,6.09,3.87
1.51,Ideal,D,62.1,58,15821,7.32,7.34,4.55
0.5,Ideal,E,61.5,57,1624,5.11,5.14,3.15
0.51,Premium,G,61.2,60,1438,5.12,5.17,3.15
0.9,Premium,F,61.1,54,3457,6.29,6.27,3.84
1.05,Good,I,63.1,58,4529,6.42,6.47,4.07
1.01,Fair,G,64.2,59,4004,6.31,6.28,4.04
0.54,Good,E,63.4,56,1163,5.14,5.18,3.27
1.31,Premium,H,61.7,59,4548,7.03,6.98,4.32
2.04,Premium,J,61.4,59,13600,8.14,8.04,4.97
0.49,Fair,E,65.5,58,1705,4.91,4.86,3.2
0.41,Very Good,F,62.1,56,1295,4.78,4.79,2.97
1.07,Ideal,E,61.4,57,5537,6.59,6.53,4.03
0.33,Premium,G,61.9,59,868,4.38,4.41,2.72
0.7,Premium,G,61.8,58,2479,5.66,5.64,3.49
0.52,Very Good,I,63.1,58,1577,5.13,5.1,3.23
0.31,Ideal,G,61.7,57,544,4.33,4.36,2.68
0.3,Ideal,G,61.8,55,813,4.33,4.35,2.68
0.4,Good,F,63.1,59,877,4.64,4.68,2.94
1.01,Premium,H,62.3,62,4769,6.39,6.35,3.97
0.7,Very Good,F,61.3,54,2928,5.72,5.76,3.52
0.56,Very Good,G,61.1,56,1408,5.32,5.34,3.26
2.25,Fair,G,64.9,58,7069,8.15,8.12,5.28
0.34,Premium,F,62.6,58,686,4.46,4.49,2.8
1.52,Good,E,64,55,15792,7.27,7.19,4.63
0.38,Premium,G,61.3,57,1064,4.68,4.62,2.85
1.01,Good,H,59.5,62,5197,6.49,6.55,3.88
1.7,Premium,D,63,59,11138,7.67,7.6,4.81
0.71,Ideal,G,61.6,55,3431,5.71,5.75,3.53
1.01,Ideal,G,61.6,57,6159,6.41,6.44,3.96
0.5,Very Good,G,63.3,53,1885,5.06,5.09,3.21
1.51,Ideal,H,62.7,56,12437,7.26,7.38,4.59
1.2,Ideal,I,62.5,55,6639,6.76,6.81,4.24
0.4,Good,E,63.5,57,687,4.7,4.72,2.99
0.55,Ideal,D,61,56,1645,5.28,5.31,3.23
0.9,Fair,D,57.5,66,3931,6.3,6.25,3.61
0.4,Premium,F,62.6,59,737,4.68,4.74,2.95
0.54,Ideal,E,62.1,56,1637,5.24,5.19,3.24
0.34,Ideal,H,61.8,54,880,4.49,4.47,2.77
0.63,Ideal,F,61.2,56,2182,5.56,5.51,3.39
0.41,Ideal,F,62.3,56,1115,4.73,4.77,2.96
1,Very Good,D,61.2,61,6190,6.35,6.39,3.9
0.42,Very Good,E,62.8,57.8,1247,4.8,4.83,3.03
0.3,Premium,G,62.4,58,776,4.24,4.22,2.64
0.3,Premium,E,61.9,61,844,4.32,4.28,2.66
1.2,Very Good,H,62,58,5352,6.73,6.79,4.19
2.01,Premium,H,62.2,61,15673,8.08,8.04,5.01
1.71,Good,J,62.8,58,8831,7.48,7.55,4.72
0.66,Ideal,D,62.7,55,2079,5.56,5.61,3.5
0.31,Very Good,F,61,57.5,679,4.37,4.39,2.67
1.25,Ideal,J,62.6,54,5067,6.94,6.9,4.33
0.41,Ideal,F,62.7,57,1107,4.78,4.73,2.98
0.9,Ideal,E,60.1,56,4034,6.3,6.35,3.8
1.03,Ideal,H,61.6,54,4611,6.51,6.55,4.02
1.15,Ideal,I,61.3,56,5930,6.74,6.76,4.14
0.74,Premium,D,58,59,3294,6,5.93,3.46
1.05,Ideal,D,60.2,57,4932,6.58,6.65,3.98
0.57,Ideal,F,61.1,55,3057,5.36,5.44,3.3
0.68,Premium,E,62,59,2224,5.67,5.65,3.51
0.34,Ideal,H,61.7,56,863,4.5,4.51,2.78
0.32,Ideal,E,61.8,55,921,4.4,4.43,2.73
0.51,Ideal,E,62.5,57,2301,5.06,5.12,3.18
0.31,Ideal,G,61.4,55,891,4.36,4.4,2.69
0.41,Premium,J,61.9,59,611,4.69,4.74,2.92
0.9,Very Good,G,63.8,57,3752,6.04,6.13,3.88
0.38,Ideal,G,62.2,56,766,4.62,4.64,2.88
0.4,Ideal,E,61.2,57,945,4.74,4.7,2.89
0.73,Ideal,I,61.7,55,2733,5.78,5.82,3.58
0.52,Ideal,G,62,55,1577,5.19,5.13,3.2
0.5,Fair,E,56.1,64,1950,5.31,5.28,2.97
0.58,Good,F,62.2,62,2084,5.37,5.44,3.36
0.56,Ideal,G,60.7,55,1662,5.32,5.35,3.24
0.33,Premium,D,60.7,58,781,4.46,4.5,2.72
1.17,Ideal,G,61.7,57,10342,6.84,6.9,4.13
1.11,Premium,E,62.2,58,7619,6.61,6.64,4.12
0.63,Ideal,E,61.1,58,3181,5.49,5.54,3.37
1,Premium,G,59.7,59,7164,6.57,6.5,3.9
0.4,Very Good,E,62.2,56,912,4.72,4.74,2.94
1.02,Good,D,63.8,59,3909,6.43,6.33,4.07
1.08,Premium,D,61.2,60,7824,6.63,6.61,4.05
0.59,Ideal,G,61.5,57,2166,5.4,5.46,3.34
0.23,Very Good,F,61.8,57,583,3.94,3.96,2.44
0.31,Ideal,H,62.4,55,544,4.33,4.36,2.71
0.3,Premium,D,61,61,574,4.31,4.25,2.61
1.09,Premium,E,61.4,58,5127,6.67,6.63,4.08
0.91,Premium,E,61.6,60,3743,6.14,6.1,3.77
0.62,Premium,G,59.2,59,2399,5.58,5.56,3.3
0.23,Very Good,F,61.2,55,505,3.97,4.01,2.44
0.25,Very Good,H,63.3,54,467,3.98,4.02,2.52
0.35,Ideal,E,62.3,56,829,4.5,4.52,2.81
0.55,Ideal,J,60.4,58,1133,5.29,5.34,3.21
0.33,Premium,D,60.4,60,780,4.46,4.41,2.68
0.59,Premium,D,62.6,58,2538,5.4,5.34,3.36
1.52,Ideal,G,60.3,57,11028,7.58,7.48,4.54
1.5,Very Good,D,59.8,63,9959,7.44,7.38,4.43
0.4,Ideal,H,62.6,52,705,4.73,4.76,2.97
2.47,Premium,I,62.5,56,14970,8.65,8.6,5.39
0.71,Premium,H,62.4,62,2207,5.67,5.64,3.53
1.01,Ideal,F,61.3,57,7602,6.47,6.44,3.96
0.9,Good,F,62.4,58,4370,6.08,6.1,3.8
1.01,Premium,F,62.5,58,7882,6.41,6.35,3.99
1.51,Ideal,E,62.7,57,14482,7.31,7.26,4.57
1.06,Premium,G,59.6,58,8003,6.61,6.65,3.95
0.71,Very Good,F,63.4,57,2266,5.7,5.63,3.59
2.01,Very Good,D,58.3,63,12639,8.28,8.25,4.82
1.5,Premium,E,60.7,55,10080,7.44,7.39,4.5
1.23,Ideal,H,61,56,6439,6.96,6.92,4.23
0.32,Fair,F,64.4,54,638,4.36,4.33,2.8
1.52,Good,G,64,58,13903,7.22,7.18,4.61
0.37,Ideal,E,62.3,56,811,4.56,4.59,2.85
1.52,Premium,H,60.6,61,9704,7.46,7.42,4.51
0.46,Ideal,F,62.1,54.7,851,4.95,4.98,3.08
0.5,Premium,E,60.1,61,1420,5.2,5.15,3.11
0.9,Good,J,64.3,63,2832,6.05,6.01,3.88
0.37,Very Good,E,63.5,59,784,4.55,4.59,2.9
0.34,Very Good,H,61,55,632,4.52,4.55,2.76
1.02,Ideal,I,61.3,57,4685,6.47,6.49,3.97
1.5,Good,G,58.4,65,7434,7.45,7.41,4.34
1.12,Premium,J,60.7,61,3266,6.71,6.64,4.05
0.74,Ideal,F,62,54,3694,5.85,5.81,3.62
0.3,Ideal,H,62.2,54,764,4.34,4.37,2.71
0.7,Fair,F,65.1,52,2394,5.64,5.57,3.65
0.38,Ideal,F,62.7,56,1104,4.64,4.61,2.9
0.71,Ideal,G,62.3,56,2317,5.73,5.7,3.56
0.3,Premium,D,61.6,58,552,4.29,4.32,2.65
0.32,Very Good,H,62.9,57,645,4.36,4.39,2.75
1.21,Very Good,G,59.5,58,7906,6.96,7.03,4.16
0.96,Ideal,F,61.2,56,5666,6.38,6.34,3.89
1.21,Premium,H,62.2,58,8446,6.83,6.8,4.24
2.01,Good,H,57.8,60,18561,8.29,8.35,4.81
0.32,Premium,G,62,55,936,4.42,4.39,2.73
2.01,Good,I,63.6,57,16149,7.95,7.87,5.03
0.74,Premium,F,59.6,58,2328,5.91,5.87,3.51
1.07,Premium,D,60.2,55,6112,6.68,6.64,4.01
0.39,Ideal,F,62.3,57,958,4.65,4.69,2.91
0.41,Premium,I,60.6,59,600,4.84,4.8,2.92
1.01,Ideal,G,62.2,54,8252,6.48,6.41,4.01
1.5,Premium,E,59.4,62,12587,7.48,7.4,4.42
1.03,Very Good,H,60.4,60,5050,6.41,6.53,3.91
0.7,Ideal,F,60.8,56,2942,5.78,5.79,3.52
0.32,Premium,J,63,58,480,4.35,4.32,2.73
1.02,Premium,G,62.6,59,5978,6.39,6.43,4.01
0.3,Ideal,E,61.6,58,766,4.28,4.33,2.65
0.3,Ideal,D,61.5,55,1041,4.34,4.38,2.68
0.6,Premium,E,62.7,58,1819,5.34,5.37,3.36
0.6,Premium,E,61,61,1875,5.46,5.39,3.31
1.04,Very Good,H,61.2,55,6141,6.54,6.56,4.01
0.34,Ideal,E,60.7,56,765,4.55,4.51,2.75
1.24,Very Good,H,62.4,58,6625,6.93,6.82,4.29
1.11,Ideal,J,62.1,56,4259,6.64,6.67,4.13
0.31,Ideal,E,61.6,56,872,4.38,4.32,2.68
1.16,Ideal,I,60.8,56,5587,6.85,6.81,4.15
1,Premium,F,60.5,59,6640,6.57,6.39,3.92
1.15,Very Good,F,63.1,63,4915,6.67,6.57,4.18
0.39,Ideal,F,61.6,55,988,4.71,4.74,2.91
0.94,Very Good,D,62,57,3634,6.28,6.34,3.91
0.74,Premium,E,62.8,59,3357,5.76,5.68,3.59
0.32,Ideal,H,61.3,56,905,4.42,4.45,2.72
0.5,Very Good,E,60.2,60,1561,5.13,5.17,3.1
0.35,Ideal,D,60.8,57,952,4.61,4.57,2.79
1.11,Ideal,G,61.5,58,7639,6.7,6.66,4.11
0.74,Very Good,D,62.2,59,3498,5.8,5.84,3.62
0.42,Ideal,G,62,57,1251,4.8,4.82,2.98
0.3,Very Good,G,61,62,895,4.32,4.34,2.64
0.51,Ideal,F,61.7,55,1728,5.13,5.17,3.18
1.2,Very Good,D,62.9,59,6602,6.7,6.75,4.23
1,Very Good,D,63.3,59,16073,6.37,6.33,4.02
1.25,Ideal,G,60.2,54,11511,6.99,7.03,4.22
1.51,Ideal,F,62.4,56,11950,7.34,7.4,4.6
0.6,Ideal,I,62.1,55,1390,5.39,5.42,3.35
1.22,Premium,I,62.7,58,5602,6.83,6.8,4.27
0.7,Fair,D,67.8,58,1770,5.51,5.44,3.71
0.31,Ideal,F,62.2,54,914,4.37,4.41,2.73
0.41,Very Good,H,62.6,59,683,4.72,4.77,2.97
1.03,Ideal,F,62.3,56,4268,6.51,6.43,4.03
0.55,Very Good,D,60.7,58,1692,5.24,5.3,3.2
1.34,Ideal,J,62.5,57,5273,7,7.08,4.4
0.51,Premium,F,62.3,58,1953,5.08,5.1,3.17
2.01,Premium,J,62,59,12403,8.04,8.1,5
0.72,Premium,G,61.7,59,2685,5.71,5.66,3.51
1.01,Premium,E,59.1,60,4412,6.57,6.55,3.88
1.02,Premium,I,62.7,55,4284,6.48,6.41,4.04
1.53,Premium,F,62.7,60,9424,7.28,7.34,4.58
0.31,Very Good,D,61.8,57,734,4.36,4.41,2.71
0.7,Ideal,E,60.5,56,2375,5.8,5.77,3.5
1.68,Ideal,H,61.3,56,13427,7.77,7.67,4.73
0.41,Ideal,F,61.4,57,753,4.76,4.79,2.93
1.21,Ideal,I,60.6,56,5091,6.92,6.94,4.2
0.55,Very Good,D,61.3,57,2585,5.26,5.28,3.23
1.14,Premium,G,62.3,59,5548,6.66,6.69,4.16
1.07,Premium,D,62.4,57,7550,6.59,6.51,4.09
0.41,Fair,I,65.3,58,735,4.62,4.66,3.03
0.52,Very Good,G,61.1,58,2113,5.19,5.22,3.18
0.41,Ideal,F,62,56,1076,4.81,4.77,2.97
1.32,Very Good,I,61.2,58,6300,7.12,7.06,4.34
2.1,Premium,J,61.3,59,14359,8.27,8.21,5.05
1.12,Premium,H,62.4,58,4250,6.63,6.58,4.12
0.33,Good,F,59.5,61,643,4.49,4.54,2.68
0.38,Ideal,F,62.3,54.1,1101,4.63,4.66,2.9
1.51,Very Good,H,63.1,56,9332,7.33,7.28,4.61
0.7,Good,D,63.9,58,3033,5.62,5.58,3.58
1.23,Ideal,J,63.2,58,5083,6.82,6.74,4.29
0.3,Good,H,63.6,55,776,4.28,4.24,2.71
0.5,Ideal,E,61.9,56,1716,5.09,5.12,3.16
0.32,Ideal,G,61.4,55,720,4.46,4.4,2.72
1.3,Ideal,G,60.9,57,11853,7.04,7.11,4.31
1.53,Very Good,E,60.8,60,12386,7.43,7.51,4.54
0.31,Ideal,G,61.3,56,687,4.37,4.41,2.69
1.1,Ideal,F,61.2,56,9817,6.68,6.65,4.08
0.5,Premium,E,60.5,60,1699,5.13,5.09,3.09
1.13,Premium,H,60.7,54,4873,6.82,6.72,4.11
0.7,Good,H,63.9,59,2330,5.6,5.64,3.59
0.5,Good,G,62.5,64,1286,4.99,4.93,3.1
0.71,Fair,F,62.6,57,2088,5.73,5.68,3.57
0.8,Ideal,D,61.9,54,3210,5.95,6,3.7
0.27,Ideal,H,61.3,55,383,4.17,4.21,2.57
1.02,Very Good,E,63.5,58,10710,6.43,6.33,4.05
1.08,Premium,G,61.2,59,4485,6.61,6.66,4.06
0.28,Ideal,F,61.5,57,787,4.19,4.24,2.59
0.75,Ideal,J,62.3,57,2025,5.84,5.81,3.63
0.3,Ideal,I,61,56,473,4.35,4.37,2.66
0.3,Very Good,E,61.9,61,658,4.28,4.32,2.66
1.45,Very Good,J,62.8,57,6671,7.14,7.17,4.49
1.01,Premium,G,60.1,59,4269,6.45,6.39,3.86
0.53,Ideal,E,61.4,56,1721,5.18,5.25,3.2
0.9,Premium,F,62.6,62,3437,6.13,6.11,3.83
1.51,Very Good,D,63.2,57,12311,7.27,7.25,4.59
0.37,Premium,F,59.2,61,894,4.69,4.63,2.76
0.44,Very Good,F,61.2,61,1081,4.83,4.88,2.97
0.35,Ideal,E,61.1,55,773,4.56,4.58,2.79
0.32,Premium,I,62.6,58,449,4.37,4.42,2.75
0.32,Very Good,E,61.6,58,594,4.4,4.47,2.73
0.25,Premium,E,62.5,59,576,4.02,4.05,2.52
0.91,Very Good,D,62.1,59,4466,6.1,6.18,3.81
0.3,Very Good,H,61.2,62,421,4.28,4.31,2.63
0.34,Ideal,D,61.4,56,805,4.5,4.53,2.77
1.5,Premium,G,62.7,58,14234,7.3,7.25,4.56
0.31,Premium,G,62.9,58,802,4.35,4.3,2.72
0.37,Ideal,F,59.2,57,1406,4.75,4.71,2.8
0.3,Ideal,J,59.7,57,394,4.37,4.4,2.62
0.42,Premium,D,62,59,862,4.83,4.78,2.98
1.52,Very Good,I,62.3,58,10051,7.32,7.28,4.55
0.72,Premium,H,59.9,58,2334,5.85,5.81,3.49
0.58,Very Good,G,61.9,56,1379,5.35,5.39,3.32
0.35,Ideal,D,61,56,1065,4.53,4.58,2.78
2.01,Very Good,I,59.5,58,13669,8.18,8.21,4.88
0.53,Very Good,E,62.6,59,1909,5.19,5.25,3.27
1.02,Premium,E,60.3,60,6032,6.58,6.48,3.94
1.08,Ideal,F,61.9,55,7110,6.58,6.64,4.09
0.4,Ideal,D,62.9,56,1200,4.71,4.67,2.95
0.5,Ideal,J,61.7,57,875,5.09,5.12,3.15
1.65,Premium,F,60.5,61,9693,7.7,7.65,4.64
0.39,Premium,J,61.6,59,790,4.71,4.67,2.89
0.79,Very Good,F,62.8,59,2878,5.86,5.89,3.69
0.5,Good,F,63.8,59,1094,5.02,4.95,3.18
0.71,Premium,F,60.9,59,2198,5.74,5.69,3.48
0.3,Premium,E,60.7,59,658,4.3,4.33,2.62
0.41,Very Good,D,60.3,63,717,4.78,4.8,2.89
0.26,Ideal,H,62.5,53,362,4.09,4.13,2.57
0.42,Premium,D,62.1,59,700,4.78,4.82,2.98
0.7,Good,E,63.5,58,2569,5.62,5.65,3.58
0.72,Good,E,63.7,58,2361,5.71,5.66,3.62
0.31,Good,G,63.7,56,802,4.3,4.27,2.73
0.9,Premium,I,62.8,61,3246,6.12,6.02,3.81
1.13,Good,D,60.7,64,4406,6.68,6.63,4
0.42,Very Good,D,62.9,55,656,4.78,4.82,3.02
0.44,Ideal,G,61.6,56,1294,4.9,4.88,3.01
0.42,Ideal,G,61.8,57,921,4.79,4.82,2.97
1.03,Ideal,E,61.7,55,5491,6.52,6.46,4.01
0.51,Ideal,D,61.5,56,1431,5.15,5.16,3.17
0.38,Very Good,H,63.3,58,1033,4.62,4.57,2.91
1.5,Very Good,E,60.8,58,11688,7.32,7.36,4.46
0.9,Premium,H,60.4,59,4321,6.24,6.27,3.78
0.3,Ideal,G,62.8,57,956,4.32,4.28,2.7
1.01,Ideal,G,62.9,56,5107,6.39,6.43,4.03
0.33,Ideal,H,61.9,56,743,4.48,4.44,2.76
0.29,Very Good,E,61.7,58,504,4.23,4.29,2.63
0.4,Premium,E,62.2,59,912,4.71,4.74,2.94
0.3,Premium,F,62.6,61,506,4.24,4.2,2.64
0.34,Premium,H,61.2,60,775,4.46,4.5,2.74
1.75,Premium,D,60.6,60,13363,7.74,7.78,4.7
0.58,Ideal,E,62.3,54,1809,5.43,5.39,3.37
1,Very Good,G,61.6,61,7623,6.35,6.38,3.92
2.04,Premium,G,61.3,60,12794,8.18,8.13,5
0.33,Ideal,G,61.5,55,946,4.48,4.5,2.76
0.32,Ideal,E,62.2,56,900,4.41,4.37,2.73
0.3,Ideal,D,62.1,57,447,4.3,4.33,2.68
1.23,Good,J,63.6,57,5290,6.74,6.79,4.3
2.05,Very Good,F,59.5,58,16819,8.26,8.3,4.93
1,Ideal,D,59.9,56,5929,6.51,6.54,3.91
0.36,Premium,G,61.9,56,608,4.59,4.55,2.83
1.5,Very Good,I,63.5,59,8081,7.16,7.08,4.52
0.31,Ideal,D,62.1,54,942,4.37,4.33,2.7
1.04,Premium,H,62.1,58,3832,6.5,6.52,4.04
1.56,Ideal,I,61.8,56,10333,7.41,7.45,4.59
1.52,Good,D,63.2,58,8868,7.25,7.31,4.6
0.56,Very Good,G,61.4,57,2010,5.26,5.32,3.25
0.32,Ideal,G,61.3,54,918,4.41,4.47,2.72
0.5,Good,G,63.6,57,1858,5.08,5.04,3.22
1,Good,D,65.7,55,6163,6.17,6.22,4.07
0.3,Very Good,G,62.8,57,605,4.25,4.29,2.68
0.53,Ideal,G,61,56,1284,5.23,5.26,3.2
0.41,Ideal,E,61.6,56,1187,4.78,4.8,2.95
0.72,Very Good,J,62.3,57,2136,5.73,5.77,3.58
0.35,Ideal,F,61.5,55.9,596,4.53,4.56,2.8
1.18,Ideal,E,60.8,57,4885,6.89,6.83,4.17
0.74,Ideal,H,62.5,54,2497,5.76,5.82,3.62
0.3,Premium,G,61.8,60,630,4.29,4.25,2.64
1.25,Premium,D,59.8,55,4543,7.07,7.01,4.21
1.04,Very Good,J,63.5,59,3810,6.37,6.42,4.06
0.71,Very Good,E,61.9,63,2375,5.74,5.69,3.54
1,Fair,F,65.7,61,3443,6.13,6.11,4.02
0.9,Good,H,64,59,3669,6.05,6.01,3.86
0.38,Ideal,D,61.5,56,1257,4.66,4.64,2.86
0.42,Premium,D,62.1,59,810,4.77,4.79,2.97
1.52,Ideal,F,61.5,55,12477,7.44,7.41,4.57
0.38,Premium,I,60.1,60,778,4.72,4.66,2.82
0.31,Ideal,E,61.8,55,692,4.36,4.38,2.7
0.48,Ideal,F,62,55,1926,4.99,5.04,3.11
0.54,Ideal,I,60.9,57,935,5.26,5.31,3.22
0.96,Very Good,G,63.1,56,3951,6.29,6.22,3.95
1.01,Very Good,E,63.1,55,4853,6.41,6.34,4.02
0.36,Very Good,E,60.8,59,631,4.56,4.59,2.78
0.41,Very Good,D,63.8,56,871,4.69,4.74,3.01
1.17,Very Good,H,63.1,58,4455,6.72,6.64,4.22
1,Very Good,E,63.1,56,10954,6.32,6.39,4.01
0.7,Good,E,57.5,58,2229,5.8,5.85,3.35
0.32,Premium,D,61.5,59,756,4.42,4.39,2.71
1.53,Premium,F,60.3,58,15217,7.51,7.48,4.52
0.71,Ideal,E,62,55,3421,5.72,5.77,3.56
0.31,Very Good,J,62.3,60,380,4.29,4.34,2.69
0.71,Ideal,G,59.7,60,2522,5.79,5.81,3.46
1.71,Premium,I,62.4,61,9384,7.67,7.59,4.76
0.4,Good,E,63.3,56,687,4.68,4.74,2.98
0.43,Ideal,G,61.4,55,1129,4.88,4.83,2.98
1.06,Ideal,I,61.4,57,4405,6.57,6.52,4.02
0.34,Premium,D,59.7,59,803,4.57,4.54,2.72
1.02,Fair,H,71.8,56,4455,6.04,5.97,4.31
0.31,Ideal,G,62.2,55,891,4.35,4.4,2.72
1.53,Ideal,H,61.1,57,10659,7.45,7.44,4.55
0.3,Premium,D,61.6,57,979,4.33,4.3,2.66
1,Fair,D,66.5,59,3965,6.24,6.21,4.14
0.3,Very Good,D,61.2,55,610,4.32,4.34,2.65
0.7,Fair,F,65.3,55,2762,5.63,5.58,3.66
0.74,Ideal,D,61.9,56,3087,5.84,5.79,3.6
2,Good,G,64.1,55,17898,7.94,7.88,5.07
1.08,Ideal,I,60.3,60,4757,6.67,6.62,4.01
0.31,Ideal,H,62.1,53.8,502,4.33,4.37,2.7
0.67,Very Good,H,63.4,59,1981,5.53,5.57,3.52
0.31,Good,H,63.6,57,435,4.28,4.31,2.73
1,Good,G,57.6,62,4113,6.62,6.55,3.79
1.5,Good,G,57.5,63,6006,7.53,7.49,4.32
1.01,Premium,D,62.9,59,5543,6.43,6.39,4.03
0.36,Ideal,H,61.7,54,538,4.56,4.62,2.83
0.28,Ideal,F,61.6,55,612,4.22,4.26,2.61
0.31,Ideal,H,62.6,57,489,4.34,4.38,2.73
0.93,Premium,F,62.3,58,4297,6.22,6.18,3.86
0.32,Very Good,D,63.3,57,756,4.38,4.37,2.77
0.57,Premium,E,62.5,54,1058,5.35,5.3,3.33
1.29,Very Good,G,62.3,58,9105,6.98,7.01,4.36
0.37,Ideal,F,61.6,56,746,4.61,4.65,2.85
0.51,Ideal,G,62.5,57,1781,5.14,5.07,3.19
0.87,Ideal,H,62.3,57,3372,6.08,6.12,3.8
1.04,Very Good,E,63.6,58,11269,6.41,6.43,4.08
1.12,Ideal,G,62,55,8773,6.67,6.69,4.14
0.71,Very Good,F,63.3,60,2198,5.61,5.54,3.53
0.32,Good,D,63.3,57,589,4.37,4.38,2.77
0.5,Very Good,F,62.6,59,1738,5.03,5.06,3.16
1.07,Premium,H,62.4,59,5498,6.53,6.46,4.05
1.06,Very Good,G,63.4,57,6595,6.48,6.45,4.1
0.32,Very Good,F,63,56,721,4.37,4.39,2.76
2.14,Very Good,J,62.3,59,14556,8.24,8.26,5.14
0.9,Premium,F,58.4,62,3629,6.37,6.34,3.71
0.38,Ideal,G,62.4,57,855,4.65,4.62,2.89
2,Very Good,F,63.6,58,16580,7.91,7.98,5.05
0.53,Ideal,H,61.6,55,1427,5.23,5.25,3.23
1.51,Ideal,G,61.9,57,14674,7.37,7.34,4.55
1,Premium,F,60.3,61,4704,6.43,6.38,3.86
0.65,Good,G,59.6,60.3,1828,5.64,5.71,3.38
1,Premium,F,61.6,55,6209,6.42,6.34,3.93
0.35,Good,I,63.6,56,606,4.53,4.5,2.87
1.03,Premium,E,61.3,60,5101,6.53,6.51,4
0.81,Good,E,64.1,59,2608,5.89,5.85,3.76
1,Very Good,E,62.4,62,5544,6.33,6.39,3.97
1.1,Premium,I,59.7,62,3604,6.8,6.64,4.01
0.72,Ideal,H,61.5,55,3274,5.77,5.85,3.56
0.31,Good,F,64.2,59,744,4.3,4.23,2.74
1.28,Ideal,H,61.3,55,8928,7.01,7.06,4.31
1.26,Very Good,H,62.1,57,6320,6.88,6.94,4.29
0.92,Ideal,E,61.4,54.6,4258,6.25,6.29,3.85
0.31,Good,I,63.7,55,628,4.33,4.3,2.75
0.49,Very Good,F,62.5,57,1116,4.99,5.02,3.13
0.82,Very Good,E,63.3,56,2975,5.99,5.95,3.78
1.01,Ideal,G,62.7,56,6951,6.4,6.35,4
0.51,Premium,F,61.9,56,2310,5.17,5.13,3.19
0.77,Good,H,57.2,65,2457,6.08,6.02,3.46
0.9,Premium,H,62.1,58,3989,6.16,6.2,3.84
1.01,Ideal,F,62.5,54,7465,6.43,6.46,4.03
1,Very Good,D,61.7,58,10113,6.37,6.41,3.94
0.5,Good,F,63.1,61,1043,5.06,4.98,3.17
1.07,Premium,G,61.4,56,6076,6.65,6.61,4.07
0.27,Very Good,F,60.5,57,518,4.21,4.23,2.55
1.01,Premium,G,62.5,60,5620,6.37,6.31,3.96
1.05,Good,E,64.2,61,4878,6.33,6.41,4.09
0.4,Ideal,G,62.1,53,573,4.75,4.78,2.96
0.5,Ideal,J,62.5,57,1082,5.06,5.09,3.17
1.5,Very Good,H,63.8,57,11654,7.17,7.21,4.59
0.42,Premium,G,60.5,59,921,4.79,4.83,2.91
